season,stage,date,home_team,away_team,score,home_goals,away_goals,extra_time,penalties
,,,Shelbourne,Tavriya Simferopol,1–2,1.0,2.0,False,False
,,,Valletta,Maccabi Tel Aviv,1–3,1.0,3.0,False,False
,,,KÍ,Skonto,1–6,1.0,6.0,False,False
,,,Olimpija Ljubljana,Norma Tallinn,5–0,5.0,0.0,False,False
,,,IFK Göteborg,Beşiktaş,3–2,3.0,2.0,False,False
,,,Lech Poznań,Skonto,2–0,2.0,0.0,False,False
,,,Rangers,Lyngby,3–0,3.0,0.0,False,False
,,,Slovan Bratislava,Ferencváros,4–1,4.0,1.0,False,False
,,,Milan,Olimpija Ljubljana,7–0,7.0,0.0,False,False
,,,Kuusysi,Dinamo București,1–2,1.0,2.0,False,False
,,,Glentoran,Marseille,0–8,0.0,8.0,False,False
,,,Maccabi Tel Aviv,Club Brugge,0–4,0.0,4.0,False,False
,,,Austria Wien,CSKA Sofia,5–4,5.0,4.0,False,False
,,,Sion,Tavriya Simferopol,7–2,7.0,2.0,False,False
,,,Union Luxembourg,Porto,1–9,1.0,9.0,False,False
,,,AEK Athens,APOEL,3–3 (a),3.0,3.0,False,False
,,,PSV Eindhoven,Žalgiris,8–0,8.0,0.0,False,False
,,,Víkingur Reykjavík,CSKA Moscow,2–5,2.0,5.0,False,False
,,,Barcelona,Viking,1–0,1.0,0.0,False,False
,,,IFK Göteborg,Lech Poznań,4–0,4.0,0.0,False,False
,,,Rangers,Leeds United,4–2,4.0,2.0,False,False
,,,Slovan Bratislava,Milan,0–5,0.0,5.0,False,False
,,,Dinamo București,Marseille,0–2,0.0,2.0,False,False
,,,Club Brugge,Austria Wien,3–3 (a),3.0,3.0,False,False
,,,Sion,Porto,2–6,2.0,6.0,False,False
,,,AEK Athens,PSV Eindhoven,1–3,1.0,3.0,False,False
,,,CSKA Moscow,Barcelona,4–3,4.0,3.0,False,False
,,,HJK,Norma Tallinn,2–1,2.0,1.0,False,False
,,,Ekranas,Floriana,0–2,0.0,2.0,False,False
,,,B68,Croatia Zagreb,0–11,0.0,11.0,False,False
,,,Skonto,Olimpija Ljubljana,1–1 (11–10 p),1.0,1.0,False,False
,,,Cwmbrân Town,Cork City,4–4 (a),4.0,4.0,False,False
,,,Avenir Beggen,Rosenborg,0–3,0.0,3.0,False,False
,,,Partizani,ÍA,0–3,0.0,3.0,False,False
,,,Omonia,Aarau,2–3,2.0,3.0,False,False
,,,Zimbru Chișinău,Beitar Jerusalem,1–3,1.0,3.0,False,False
,,,Porto,Floriana,2–0,2.0,0.0,False,False
,,,ÍA,Feyenoord,1–3,1.0,3.0,False,False
,,,Monaco,AEK Athens,2–1,2.0,1.0,False,False
,,,Steaua București,Croatia Zagreb,4–4 (a),4.0,4.0,False,False
,,,Rangers,Levski Sofia,4–4 (a),4.0,4.0,False,False
,,,Werder Bremen,Dinamo Minsk,6–3,6.0,3.0,False,False
,,,Linfield,Copenhagen,3–4,3.0,4.0,False,False
,,,Aarau,Milan,0–1,0.0,1.0,False,False
,,,AIK,Sparta Prague,1–2,1.0,2.0,False,False
,,,HJK,Anderlecht,0–6,0.0,6.0,False,False
,,,Kispest Honvéd,Manchester United,3–5,3.0,5.0,False,False
,,,Galatasaray,Cork City,3–1,3.0,1.0,False,False
,,,Lech Poznań,Beitar Jerusalem,7–2,7.0,2.0,False,False
,,,Skonto,Spartak Moscow,0–9,0.0,9.0,False,False
,,,Dynamo Kyiv,Barcelona,4–5,4.0,5.0,False,False
,,,Rosenborg,Austria Wien,4–5,4.0,5.0,False,False
,,,Porto,Feyenoord,1–0,1.0,0.0,False,False
,,,Monaco,Steaua București,4–2,4.0,2.0,False,False
,,,Levski Sofia,Werder Bremen,2–3,2.0,3.0,False,False
,,,Copenhagen,Milan,0–7,0.0,7.0,False,False
,,,Sparta Prague,Anderlecht,2–5,2.0,5.0,False,False
,,,Manchester United,Galatasaray,3–3 (a),3.0,3.0,False,False
,,,Lech Poznań,Spartak Moscow,2–7,2.0,7.0,False,False
,,,Barcelona,Austria Wien,5–1,5.0,1.0,False,False
,,,Milan,Monaco,3–0,3.0,0.0,False,False
,,,Barcelona,Porto,3–0,3.0,0.0,False,False
,,,Avenir Beggen,Galatasaray,1–9,1.0,9.0,False,False
,,,Sparta Prague,IFK Göteborg,1–2,1.0,2.0,False,False
,,,Silkeborg,Dynamo Kyiv,1–3,1.0,3.0,False,False
,,,Paris Saint-Germain,Vác Samsung,5–1,5.0,1.0,False,False
,,,Legia Warsaw,Hajduk Split,0–5,0.0,5.0,False,False
,,,Steaua București,Servette,5–2,5.0,2.0,False,False
,,,AEK Athens,Rangers,3–0,3.0,0.0,False,False
,,,Maccabi Haifa,Casino Salzburg,2–5,2.0,5.0,False,False
,,,Bayern Munich,IFK Göteborg,2–2 (a),2.0,2.0,False,False
,,,Hajduk Split,Ajax,0–3,0.0,3.0,False,False
,,,Barcelona,Paris Saint-Germain,2–3,2.0,3.0,False,False
,,,Milan,Benfica,2–0,2.0,0.0,False,False
,,,Bayern Munich,Ajax,2–5,2.0,5.0,False,False
,,,Paris Saint-Germain,Milan,0–3,0.0,3.0,False,False
,,,Grasshopper,Maccabi Tel Aviv,2–1,2.0,1.0,False,False
,,,Rangers,Anorthosis Famagusta,1–0,1.0,0.0,False,False
,,,Legia Warsaw,IFK Göteborg,3–1,3.0,1.0,False,False
,,,Casino Salzburg,Steaua București,0–1,0.0,1.0,False,False
,,,Dynamo Kyiv,AaB,4–1,4.0,1.0,False,False
,,,Rosenborg,Beşiktaş,4–3,4.0,3.0,False,False
,,,Anderlecht,Ferencváros,1–2,1.0,2.0,False,False
,,,Panathinaikos,Hajduk Split,1–1 (a),1.0,1.0,False,False
,,,Real Madrid,Juventus,1–2,1.0,2.0,False,False
,,,Nantes,Spartak Moscow,4–2,4.0,2.0,False,False
,,,Borussia Dortmund,Ajax,0–3,0.0,3.0,False,False
,,,Legia Warsaw,Panathinaikos,0–3,0.0,3.0,False,False
,,,Juventus,Nantes,4–3,4.0,3.0,False,False
,,,Ajax,Panathinaikos,3–1,3.0,1.0,False,False
,,,Maccabi Tel Aviv,Fenerbahçe,1–2,1.0,2.0,False,False
,,,Rangers,Alania Vladikavkaz,10–3,10.0,3.0,False,False
,,,Panathinaikos,Rosenborg,1–3,1.0,3.0,False,False
,,,IFK Göteborg,Ferencváros,4–1,4.0,1.0,False,False
,,,Widzew Łódź,Brøndby,4–4 (a),4.0,4.0,False,False
,,,Grasshopper,Slavia Prague,6–0,6.0,0.0,False,False
,,,Club Brugge,Steaua București,2–5,2.0,5.0,False,False
,,,Rapid Wien,Dynamo Kyiv,6–2,6.0,2.0,False,False
,,,Borussia Dortmund,Auxerre,4–1,4.0,1.0,False,False
,,,Manchester United,Porto,4–0,4.0,0.0,False,False
,,,Ajax,Atlético Madrid,4–3,4.0,3.0,False,False
,,,Rosenborg,Juventus,1–3,1.0,3.0,False,False
,,,Borussia Dortmund,Manchester United,2–0,2.0,0.0,False,False
,,,Ajax,Juventus,2–6,2.0,6.0,False,False
,,,Derry City,Maribor,0–3,0.0,3.0,False,False
,,,Pyunik,MTK,3–6,3.0,6.0,False,False
,,,Crusaders,Dinamo Tbilisi,2–8,2.0,8.0,False,False
,,,Košice,ÍA,4–0,4.0,0.0,False,False
,,,Partizan,Croatia Zagreb,1–5,1.0,5.0,False,False
,,,Valletta,Skonto,1–2,1.0,2.0,False,False
,,,Sileks,Beitar Jerusalem,1–3,1.0,3.0,False,False
,,,Steaua București,CSKA Sofia,5–3,5.0,3.0,False,False
,,,Constructorul Chișinău,MPKC Mozyr,3–4,3.0,4.0,False,False
,,,Lantana,Jazz,0–3,0.0,3.0,False,False
,,,GÍ,Rangers,0–11,0.0,11.0,False,False
,,,Neftçi,Widzew Łódź,0–10,0.0,10.0,False,False
,,,Dynamo Kyiv,Barry Town,6–0,6.0,0.0,False,False
,,,Sion,Jeunesse Esch,5–0,5.0,0.0,False,False
,,,Anorthosis Famagusta,Kareda,4–1,4.0,1.0,False,False
,,,Beşiktaş,Maribor,3–1,3.0,1.0,False,False
,,,MTK,Rosenborg,1–4,1.0,4.0,False,False
,,,Sion,Galatasaray,2–8,2.0,8.0,False,False
,,,Olympiacos,MPKC Mozyr,7–2,7.0,2.0,False,False
,,,Wüstenrot Salzburg,Sparta Prague,0–3,0.0,3.0,False,False
,,,IFK Göteborg,Rangers,4–1,4.0,1.0,False,False
,,,Barcelona,Skonto,4–2,4.0,2.0,False,False
,,,Brøndby,Dynamo Kyiv,3–4,3.0,4.0,False,False
,,,Newcastle United,Croatia Zagreb,4–3,4.0,3.0,False,False
,,,Feyenoord,Jazz,8–3,8.0,3.0,False,False
,,,Bayer Leverkusen,Dinamo Tbilisi,6–2,6.0,2.0,False,False
,,,Košice,Spartak Moscow,2–1,2.0,1.0,False,False
,,,Steaua București,Paris Saint-Germain,3–5,3.0,5.0,False,False
,,,Widzew Łódź,Parma,1–7,1.0,7.0,False,False
,,,Beitar Jerusalem,Sporting CP,0–3,0.0,3.0,False,False
,,,Anorthosis Famagusta,Lierse,2–3,2.0,3.0,False,False
,,,Bayer Leverkusen,Real Madrid,1–4,1.0,4.0,False,False
,,,Bayern Munich,Borussia Dortmund,0–1,0.0,1.0,False,False
,,,Juventus,Dynamo Kyiv,5–2,5.0,2.0,False,False
,,,Monaco,Manchester United,1–1 (a),1.0,1.0,False,False
,,,Real Madrid,Borussia Dortmund,2–0,2.0,0.0,False,False
,,,Juventus,Monaco,6–4,6.0,4.0,False,False
,,,Sileks,Club Brugge,1–2,1.0,2.0,False,False
,,,ŁKS Łódź,Kapaz,7–2,7.0,2.0,False,False
,,,Litex Lovech,Halmstads BK,3–2,3.0,2.0,False,False
,,,Grasshopper,Jeunesse Esch,8–0,8.0,0.0,False,False
,,,Celtic,St Patrick's Athletic,2–0,2.0,0.0,False,False
,,,Kareda,Maribor,0–4,0.0,4.0,False,False
,,,Dynamo Kyiv,Barry Town,10–1,10.0,1.0,False,False
,,,Cliftonville,Košice,1–13,1.0,13.0,False,False
,,,Skonto,Dinamo Minsk,2–1,2.0,1.0,False,False
,,,Valletta,Anorthosis Famagusta,0–8,0.0,8.0,False,False
,,,Beitar Jerusalem,B36,5–1,5.0,1.0,False,False
,,,Dinamo Tbilisi,Vllaznia,4–3,4.0,3.0,False,False
,,,HJK,Yerevan,5–0,5.0,0.0,False,False
,,,Obilić,ÍBV,4–1,4.0,1.0,False,False
,,,Zimbru Chișinău,Újpest,2–3,2.0,3.0,False,False
,,,Steaua București,Flora,5–4,5.0,4.0,False,False
,,,Rosenborg,Club Brugge,4–4 (a),4.0,4.0,False,False
,,,Manchester United,ŁKS Łódź,2–0,2.0,0.0,False,False
,,,Litex Lovech,Spartak Moscow,2–11,2.0,11.0,False,False
,,,Galatasaray,Grasshopper,5–3,5.0,3.0,False,False
,,,Celtic,Croatia Zagreb,1–3,1.0,3.0,False,False
,,,Maribor,PSV Eindhoven,3–5,3.0,5.0,False,False
,,,Dynamo Kyiv,Sparta Prague,1–1 (3–1 p),1.0,1.0,False,False
,,,Košice,Brøndby,1–2,1.0,2.0,False,False
,,,Internazionale,Skonto,7–1,7.0,1.0,False,False
,,,Olympiacos,Anorthosis Famagusta,6–3,6.0,3.0,False,False
,,,Benfica,Beitar Jerusalem,8–4,8.0,4.0,False,False
,,,Dinamo Tbilisi,Athletic Bilbao,2–2 (a),2.0,2.0,False,False
,,,HJK,Metz,2–1,2.0,1.0,False,False
,,,Bayern Munich,Obilić,5–1,5.0,1.0,False,False
,,,Sturm Graz,Újpest,7–2,7.0,2.0,False,False
,,,Steaua București,Panathinaikos,5–8,5.0,8.0,False,False
,,,Real Madrid,Dynamo Kyiv,1–3,1.0,3.0,False,False
,,,Manchester United,Internazionale,3–1,3.0,1.0,False,False
,,,Juventus,Olympiacos,3–2,3.0,2.0,False,False
,,,Bayern Munich,1. FC Kaiserslautern,6–0,6.0,0.0,False,False
,,,Manchester United,Juventus,4–3,4.0,3.0,False,False
,,,Dynamo Kyiv,Bayern Munich,3–4,3.0,4.0,False,False
,,,ÍBV,Tirana,3–1,3.0,1.0,False,False
,,,Litex Lovech,Glentoran,5–0,5.0,0.0,False,False
,,,Žalgiris,Tsement Ararat,5–0,5.0,0.0,False,False
,,,HB,Haka,1–7,1.0,7.0,False,False
,,,Partizan,Flora,10–1,10.0,1.0,False,False
,,,Jeunesse Esch,Skonto,0–10,0.0,10.0,False,False
,,,Sloga Jugomagnat,Kapaz,2–2 (a),2.0,2.0,False,False
,,,Barry Town,Valletta,2–3,2.0,3.0,False,False
,,,St Patrick's Athletic,Zimbru Chișinău,0–10,0.0,10.0,False,False
,,,Rapid Wien,Valletta,5–0,5.0,0.0,False,False
,,,Anorthosis Famagusta,Slovan Bratislava,3–2,3.0,2.0,False,False
,,,Partizan,Rijeka,6–1,6.0,1.0,False,False
,,,CSKA Moscow,Molde,2–4,2.0,4.0,False,False
,,,Litex Lovech,Widzew Łódź,5–5 (2–3 p),5.0,5.0,False,False
,,,Haka,Rangers,1–7,1.0,7.0,False,False
,,,Dinamo Tbilisi,Zimbru Chișinău,2–3,2.0,3.0,False,False
,,,Dnepr-Transmash Mogilev,AIK,0–3,0.0,3.0,False,False
,,,Sloga Jugomagnat,Brøndby,0–2,0.0,2.0,False,False
,,,Rapid București,Skonto,4–5,4.0,5.0,False,False
,,,Beşiktaş,Hapoel Haifa,1–1 (a),1.0,1.0,False,False
,,,Dynamo Kyiv,Žalgiris,3–0,3.0,0.0,False,False
,,,ÍBV,MTK Hungária,1–5,1.0,5.0,False,False
,,,Maribor,Genk,5–4,5.0,4.0,False,False
,,,Zimbru Chișinău,PSV Eindhoven,0–2,0.0,2.0,False,False
,,,Spartak Moscow,Partizan,5–1,5.0,1.0,False,False
,,,Chelsea,Skonto,3–0,3.0,0.0,False,False
,,,Rapid Wien,Galatasaray,0–4,0.0,4.0,False,False
,,,Fiorentina,Widzew Łódź,5–1,5.0,1.0,False,False
,,,AaB,Dynamo Kyiv,3–4,3.0,4.0,False,False
,,,Rangers,Parma,2–1,2.0,1.0,False,False
,,,Brøndby,Boavista,3–6,3.0,6.0,False,False
,,,AEK Athens,AIK,0–1,0.0,1.0,False,False
,,,Hapoel Haifa,Valencia,0–4,0.0,4.0,False,False
,,,Hertha BSC,Anorthosis Famagusta,2–0,2.0,0.0,False,False
,,,Sturm Graz,Servette,4–3,4.0,3.0,False,False
,,,Molde,Mallorca,1–1 (a),1.0,1.0,False,False
,,,Lyon,Maribor,0–3,0.0,3.0,False,False
,,,Croatia Zagreb,MTK Hungária,2–0,2.0,0.0,False,False
,,,Teplice,Borussia Dortmund,0–2,0.0,2.0,False,False
,,,Real Madrid,Manchester United,3–2,3.0,2.0,False,False
,,,Porto,Bayern Munich,2–3,2.0,3.0,False,False
,,,Chelsea,Barcelona,4–6,4.0,6.0,False,False
,,,Valencia,Lazio,5–3,5.0,3.0,False,False
,,,Valencia,Barcelona,5–3,5.0,3.0,False,False
,,,Real Madrid,Bayern Munich,3–2,3.0,2.0,False,False
,,,Birkirkara,KR,2–6,2.0,6.0,False,False
,,,F91 Dudelange,Levski Sofia,0–6,0.0,6.0,False,False
,,,Haka,Linfield,2–2 (a),2.0,2.0,False,False
,,,KÍ,Red Star Belgrade,0–5,0.0,5.0,False,False
,,,Total Network Solutions,Levadia Maardu,2–6,2.0,6.0,False,False
,,,Shirak,BATE Borisov,2–3,2.0,3.0,False,False
,,,Skonto,Shamkir,3–5,3.0,5.0,False,False
,,,Sloga Jugomagnat,Shelbourne,1–2,1.0,2.0,False,False
,,,Tirana,Zimbru Chișinău,4–6,4.0,6.0,False,False
,,,Kaunas,Brotnjo,4–3,4.0,3.0,False,False
,,,Anderlecht,Anorthosis Famagusta,4–2,4.0,2.0,False,False
,,,Beşiktaş,Levski Sofia,2–1,2.0,1.0,False,False
,,,Brøndby,KR,3–1,3.0,1.0,False,False
,,,Dinamo București,Polonia Warsaw,4–7,4.0,7.0,False,False
,,,Rangers,Kaunas,4–1,4.0,1.0,False,False
,,,Haka,Inter Slovnaft Bratislava,0–1,0.0,1.0,False,False
,,,Helsingborgs IF,BATE Borisov,3–0,3.0,0.0,False,False
,,,Red Star Belgrade,Torpedo Kutaisi,4–2,4.0,2.0,False,False
,,,Shakhtar Donetsk,Levadia Maardu,9–2,9.0,2.0,False,False
,,,Slavia Prague,Shamkir,5–1,5.0,1.0,False,False
,,,Shelbourne,Rosenborg,2–4,2.0,4.0,False,False
,,,Sturm Graz,Hapoel Tel Aviv,5–1,5.0,1.0,False,False
,,,Zimbru Chișinău,Maribor,2–1,2.0,1.0,False,False
,,,Hajduk Split,Dunaferr,2–4,2.0,4.0,False,False
,,,Tirol Innsbruck,Valencia,1–4,1.0,4.0,False,False
,,,Zimbru Chișinău,Sparta Prague,0–2,0.0,2.0,False,False
,,,Brøndby,Hamburger SV,0–2,0.0,2.0,False,False
,,,Helsingborgs IF,Internazionale,1–0,1.0,0.0,False,False
,,,Beşiktaş,Lokomotiv Moscow,6–1,6.0,1.0,False,False
,,,Inter Slovnaft Bratislava,Lyon,2–4,2.0,4.0,False,False
,,,Anderlecht,Porto,1–0,1.0,0.0,False,False
,,,Herfølge,Rangers,0–6,0.0,6.0,False,False
,,,Dynamo Kyiv,Red Star Belgrade,1–1 (a),1.0,1.0,False,False
,,,Polonia Warsaw,Panathinaikos,3–4,3.0,4.0,False,False
,,,Leeds United,1860 Munich,3–1,3.0,1.0,False,False
,,,Sturm Graz,Feyenoord,3–2,3.0,2.0,False,False
,,,Dunaferr,Rosenborg,3–4,3.0,4.0,False,False
,,,St. Gallen,Galatasaray,3–4,3.0,4.0,False,False
,,,Milan,Dinamo Zagreb,6–1,6.0,1.0,False,False
,,,Shakhtar Donetsk,Slavia Prague,2–1,2.0,1.0,False,False
,,,Leeds United,Deportivo La Coruña,3–2,3.0,2.0,False,False
,,,Arsenal,Valencia,2–2 (a),2.0,2.0,False,False
,,,Galatasaray,Real Madrid,3–5,3.0,5.0,False,False
,,,Manchester United,Bayern Munich,1–3,1.0,3.0,False,False
,,,Leeds United,Valencia,0–3,0.0,3.0,False,False
,,,Real Madrid,Bayern Munich,1–3,1.0,3.0,False,False
,,,Araks-Impeks,Sheriff Tiraspol,0–3,0.0,3.0,False,False
,,,Linfield,Torpedo Kutaisi,0–1,0.0,1.0,False,False
,,,Bohemians,Levadia Maardu,3–0,3.0,0.0,False,False
,,,F91 Dudelange,Skonto,2–6,2.0,6.0,False,False
,,,Levski Sofia,Željezničar,4–0,4.0,0.0,False,False
,,,VB,Slavia Mozyr,0–5,0.0,5.0,False,False
,,,Valletta,Haka,0–5,0.0,5.0,False,False
,,,Sloga Jugomagnat,Kaunas,1–1 (a),1.0,1.0,False,False
,,,KR,Vllaznia,2–2 (a),2.0,2.0,False,False
,,,Barry Town,Shamkir,3–0,3.0,0.0,False,False
,,,Haka,Maccabi Haifa,3–1,3.0,1.0,False,False
,,,Shakhtar Donetsk,Lugano,4–2,4.0,2.0,False,False
,,,Omonia,Red Star Belgrade,2–3,2.0,3.0,False,False
,,,Ferencváros,Hajduk Split,0–0 (4–5 p),0.0,0.0,False,False
,,,Porto,Barry Town,9–3,9.0,3.0,False,False
,,,Maribor,Rangers,1–6,1.0,6.0,False,False
,,,Galatasaray,Vllaznia,6–1,6.0,1.0,False,False
,,,Slavia Mozyr,Inter Slovnaft Bratislava,0–2,0.0,2.0,False,False
,,,Anderlecht,Sheriff Tiraspol,6–1,6.0,1.0,False,False
,,,Torpedo Kutaisi,Copenhagen,2–4,2.0,4.0,False,False
,,,Levski Sofia,Brann,1–1 (a),1.0,1.0,False,False
,,,Skonto,Wisła Kraków,1–3,1.0,3.0,False,False
,,,Bohemians,Halmstads BK,1–4,1.0,4.0,False,False
,,,Steaua București,Sloga Jugomagnat,5–1,5.0,1.0,False,False
,,,Shakhtar Donetsk,Borussia Dortmund,1–5,1.0,5.0,False,False
,,,Lokomotiv Moscow,Tirol Innsbruck,3–2,3.0,2.0,False,False
,,,Steaua București,Dynamo Kyiv,3–5,3.0,5.0,False,False
,,,Haka,Liverpool,1–9,1.0,9.0,False,False
,,,Hajduk Split,Mallorca,1–2,1.0,2.0,False,False
,,,Red Star Belgrade,Bayer Leverkusen,0–3,0.0,3.0,False,False
,,,Wisła Kraków,Barcelona,3–5,3.0,5.0,False,False
,,,Copenhagen,Lazio,3–5,3.0,5.0,False,False
,,,Inter Slovnaft Bratislava,Rosenborg,3–7,3.0,7.0,False,False
,,,Halmstads BK,Anderlecht,3–4,3.0,4.0,False,False
,,,Slavia Prague,Panathinaikos,1–3,1.0,3.0,False,False
,,,Galatasaray,Levski Sofia,3–2,3.0,2.0,False,False
,,,Ajax,Celtic,2–3,2.0,3.0,False,False
,,,Porto,Grasshopper,5–4,5.0,4.0,False,False
,,,Parma,Lille,1–2,1.0,2.0,False,False
,,,Rangers,Fenerbahçe,1–2,1.0,2.0,False,False
,,,Panathinaikos,Barcelona,2–3,2.0,3.0,False,False
,,,Bayern Munich,Real Madrid,2–3,2.0,3.0,False,False
,,,Deportivo La Coruña,Manchester United,2–5,2.0,5.0,False,False
,,,Liverpool,Bayer Leverkusen,3–4,3.0,4.0,False,False
,,,Barcelona,Real Madrid,1–3,1.0,3.0,False,False
,,,Manchester United,Bayer Leverkusen,3–3 (a),3.0,3.0,False,False
,,,F91 Dudelange,Vardar,1–4,1.0,4.0,False,False
,,,Hibernians,Shelbourne,3–2,3.0,2.0,False,False
,,,Portadown,Belshina Bobruisk,2–3,2.0,3.0,False,False
,,,Željezničar,ÍA,4–0,4.0,0.0,False,False
,,,Skonto,Barry Town,6–0,6.0,0.0,False,False
,,,Flora,APOEL,0–1,0.0,1.0,False,False
,,,Sheriff Tiraspol,Zhenis,4–4 (a),4.0,4.0,False,False
,,,Tampere United,Pyunik,0–6,0.0,6.0,False,False
,,,Kaunas,Dinamo Tirana,2–3,2.0,3.0,False,False
,,,Torpedo Kutaisi,B36,6–2,6.0,2.0,False,False
,,,Sheriff Tiraspol,GAK,1–6,1.0,6.0,False,False
,,,Maccabi Haifa,Belshina Bobruisk,5–0,5.0,0.0,False,False
,,,Dynamo Kyiv,Pyunik,6–2,6.0,2.0,False,False
,,,Zalaegerszeg,Zagreb,2–2 (a),2.0,2.0,False,False
,,,Boavista,Hibernians,7–3,7.0,3.0,False,False
,,,Sparta Prague,Torpedo Kutaisi,5–1,5.0,1.0,False,False
,,,Skonto,Levski Sofia,0–2,0.0,2.0,False,False
,,,Vardar,Legia Warsaw,2–4,2.0,4.0,False,False
,,,Hammarby IF,Partizan,1–5,1.0,5.0,False,False
,,,Žilina,Basel,1–4,1.0,4.0,False,False
,,,Maribor,APOEL,4–5,4.0,5.0,False,False
,,,Lillestrøm,Željezničar,0–2,0.0,2.0,False,False
,,,Club Brugge,Dinamo București,4–1,4.0,1.0,False,False
,,,Brøndby,Dinamo Tirana,5–0,5.0,0.0,False,False
,,,Genk,Sparta Prague,4–4 (a),4.0,4.0,False,False
,,,Feyenoord,Fenerbahçe,3–0,3.0,0.0,False,False
,,,Maccabi Haifa,Sturm Graz,5–3,5.0,3.0,False,False
,,,Boavista,Auxerre,0–1,0.0,1.0,False,False
,,,APOEL,AEK Athens,2–4,2.0,4.0,False,False
,,,Zalaegerszeg,Manchester United,1–5,1.0,5.0,False,False
,,,Sporting CP,Internazionale,0–2,0.0,2.0,False,False
,,,Partizan,Bayern Munich,1–6,1.0,6.0,False,False
,,,Shakhtar Donetsk,Club Brugge,2–2 (1–4 p),2.0,2.0,False,False
,,,Željezničar,Newcastle United,0–5,0.0,5.0,False,False
,,,Celtic,Basel,3–3 (a),3.0,3.0,False,False
,,,GAK,Lokomotiv Moscow,3–5,3.0,5.0,False,False
,,,Rosenborg,Brøndby,4–2,4.0,2.0,False,False
,,,Levski Sofia,Dynamo Kyiv,0–2,0.0,2.0,False,False
,,,Milan,Slovan Liberec,2–2 (a),2.0,2.0,False,False
,,,Barcelona,Legia Warsaw,4–0,4.0,0.0,False,False
,,,Real Madrid,Manchester United,6–5,6.0,5.0,False,False
,,,Ajax,Milan,2–3,2.0,3.0,False,False
,,,Internazionale,Valencia,2–2 (a),2.0,2.0,False,False
,,,Juventus,Barcelona,3–2,3.0,2.0,False,False
,,,Real Madrid,Juventus,3–4,3.0,4.0,False,False
,,,Milan,Internazionale,1–1 (a),1.0,1.0,False,False
,,,Pyunik,KR,2–1,2.0,1.0,False,False
,,,Sheriff Tiraspol,Flora,2–1,2.0,1.0,False,False
,,,HB,Kaunas,1–5,1.0,5.0,False,False
,,,BATE Borisov,Bohemians,1–3,1.0,3.0,False,False
,,,Vardar,Barry Town,4–2,4.0,2.0,False,False
,,,Grevenmacher,Leotar,0–2,0.0,2.0,False,False
,,,Glentoran,HJK,0–1,0.0,1.0,False,False
,,,Sliema Wanderers,Skonto,3–3 (a),3.0,3.0,False,False
,,,Omonia,Irtysh,2–1,2.0,1.0,False,False
,,,Dinamo Tbilisi,Tirana,3–3 (2–4 p),3.0,3.0,False,False
,,,MTK Hungária,HJK,3–2,3.0,2.0,False,False
,,,Pyunik,CSKA Sofia,0–3,0.0,3.0,False,False
,,,Kaunas,Celtic,0–5,0.0,5.0,False,False
,,,Leotar,Slavia Prague,1–4,1.0,4.0,False,False
,,,Sheriff Tiraspol,Shakhtar Donetsk,0–2,0.0,2.0,False,False
,,,Žilina,Maccabi Tel Aviv,2–1,2.0,1.0,False,False
,,,Bohemians,Rosenborg,0–5,0.0,5.0,False,False
,,,Maribor,Dinamo Zagreb,2–3,2.0,3.0,False,False
,,,CSKA Moscow,Vardar,2–3,2.0,3.0,False,False
,,,Rapid București,Anderlecht,2–3,2.0,3.0,False,False
,,,Partizan,Djurgårdens IF,3–3 (a),3.0,3.0,False,False
,,,Wisła Kraków,Omonia,7–4,7.0,4.0,False,False
,,,Copenhagen,Sliema Wanderers,10–1,10.0,1.0,False,False
,,,Tirana,GAK,2–7,2.0,7.0,False,False
,,,Vardar,Sparta Prague,4–5,4.0,5.0,False,False
,,,MTK Hungária,Celtic,0–5,0.0,5.0,False,False
,,,Rangers,Copenhagen,3–2,3.0,2.0,False,False
,,,Austria Wien,Marseille,0–1,0.0,1.0,False,False
,,,Club Brugge,Borussia Dortmund,3–3 (4–2 p),3.0,3.0,False,False
,,,Shakhtar Donetsk,Lokomotiv Moscow,2–3,2.0,3.0,False,False
,,,Lazio,Benfica,4–1,4.0,1.0,False,False
,,,Dynamo Kyiv,Dinamo Zagreb,5–1,5.0,1.0,False,False
,,,Rosenborg,Deportivo La Coruña,0–1,0.0,1.0,False,False
,,,Grasshopper,AEK Athens,2–3,2.0,3.0,False,False
,,,Žilina,Chelsea,0–5,0.0,5.0,False,False
,,,Celta Vigo,Slavia Prague,3–2,3.0,2.0,False,False
,,,Partizan,Newcastle United,1–1 (4–3 p),1.0,1.0,False,False
,,,Galatasaray,CSKA Sofia,6–0,6.0,0.0,False,False
,,,Anderlecht,Wisła Kraków,4–1,4.0,1.0,False,False
,,,GAK,Ajax,2–3,2.0,3.0,False,False
,,,Bayern Munich,Real Madrid,1–2,1.0,2.0,False,False
,,,Celta Vigo,Arsenal,2–5,2.0,5.0,False,False
,,,Deportivo La Coruña,Juventus,2–0,2.0,0.0,False,False
,,,Lokomotiv Moscow,Monaco,2–2 (a),2.0,2.0,False,False
,,,Porto,Manchester United,3–2,3.0,2.0,False,False
,,,Real Sociedad,Lyon,0–2,0.0,2.0,False,False
,,,Sparta Prague,Milan,1–4,1.0,4.0,False,False
,,,VfB Stuttgart,Chelsea,0–1,0.0,1.0,False,False
,,,Chelsea,Arsenal,3–2,3.0,2.0,False,False
,,,Milan,Deportivo La Coruña,4–5,4.0,5.0,False,False
,,,Porto,Lyon,4–2,4.0,2.0,False,False
,,,Real Madrid,Monaco,5–5 (a),5.0,5.0,False,False
,,,Monaco,Chelsea,5–3,5.0,3.0,False,False
,,,Porto,Deportivo La Coruña,1–0,1.0,0.0,False,False
,,,KR,Shelbourne,2–2 (a),2.0,2.0,False,False
,,,Skonto,Rhyl,7–1,7.0,1.0,False,False
,,,Flora,HIT Gorica,3–7,3.0,7.0,False,False
,,,Linfield,HJK,0–2,0.0,2.0,False,False
,,,Pobeda,Pyunik,2–4,2.0,4.0,False,False
,,,Sheriff Tiraspol,Jeunesse Esch,2–1,2.0,1.0,False,False
,,,WIT Georgia,HB,5–3,5.0,3.0,False,False
,,,Sliema Wanderers,Kaunas,1–6,1.0,6.0,False,False
,,,Široki Brijeg,Neftçi,2–2 (a),2.0,2.0,False,False
,,,Gomel,Tirana,1–2,1.0,2.0,False,False
,,,KR,Shelbourne,2–2 (a),2.0,2.0,False,False
,,,Irtysh (Pavlodar),Rhyl,7–1,7.0,1.0,False,False
,,,Flora,HIT Gorica,3–7,3.0,7.0,False,False
,,,Linfield,HJK,0–2,0.0,2.0,False,False
,,,Pobeda,Pyunik,2–4,2.0,4.0,False,False
,,,Sheriff Tiraspol,Jeunesse Esch,2–1,2.0,1.0,False,False
,,,WIT Georgia,HB,5–3,5.0,3.0,False,False
,,,Sliema Wanderers,Kaunas,1–6,1.0,6.0,False,False
,,,Široki Brijeg,Neftçi,2–2 (a),2.0,2.0,False,False
,,,Gomel,Tirana,1–2,1.0,2.0,False,False
,,,Pyunik,Shakhtar Donetsk,1–4,1.0,4.0,False,False
,,,APOEL,Sparta Prague,3–4,3.0,4.0,False,False
,,,Rosenborg,Sheriff Tiraspol,4–1,4.0,1.0,False,False
,,,Young Boys,Red Star Belgrade,2–5,2.0,5.0,False,False
,,,HIT Gorica,Copenhagen,6–2,6.0,2.0,False,False
,,,Neftçi,CSKA Moscow,0–2,0.0,2.0,False,False
,,,Žilina,Dinamo București,0–2,0.0,2.0,False,False
,,,HJK,Maccabi Tel Aviv,0–1,0.0,1.0,False,False
,,,Skonto,Irtysh (Pavlodar),1–4,1.0,4.0,False,False
,,,Club Brugge,Lokomotiv Plovdiv,6–0,6.0,0.0,False,False
,,,Tirana,Ferencváros,3–3 (a),3.0,3.0,False,False
,,,Hajduk Split,Shelbourne,3–4,3.0,4.0,False,False
,,,Djurgårdens IF,Kaunas,2–0,2.0,0.0,False,False
,,,WIT Georgia,Wisła Kraków,2–11,2.0,11.0,False,False
,,,GAK,Liverpool,1–2,1.0,2.0,False,False
,,,Juventus,Djurgårdens IF,6–3,6.0,3.0,False,False
,,,Ferencváros,Sparta Prague,1–2,1.0,2.0,False,False
,,,Rosenborg,Maccabi Haifa,5–3,5.0,3.0,False,False
,,,Bayer Leverkusen,Baník Ostrava,6–2,6.0,2.0,False,False
,,,CSKA Moscow,Rangers,3–2,3.0,2.0,False,False
,,,Shakhtar Donetsk,Club Brugge,6–3,6.0,3.0,False,False
,,,Dynamo Kyiv,Trabzonspor,3–2,3.0,2.0,False,False
,,,Red Star Belgrade,PSV Eindhoven,3–7,3.0,7.0,False,False
,,,Dinamo București,Manchester United,1–5,1.0,5.0,False,False
,,,Basel,Internazionale,2–5,2.0,5.0,False,False
,,,Benfica,Anderlecht,1–3,1.0,3.0,False,False
,,,Shelbourne,Deportivo La Coruña,0–3,0.0,3.0,False,False
,,,PAOK,Maccabi Tel Aviv,0–4,0.0,4.0,False,False
,,,HIT Gorica,Monaco,0–9,0.0,9.0,False,False
,,,Wisła Kraków,Real Madrid,1–5,1.0,5.0,False,False
,,,GAK,Liverpool,1–2,1.0,2.0,False,False
,,,Juventus,Djurgårdens IF,6–3,6.0,3.0,False,False
,,,Ferencváros,Sparta Prague,1–2,1.0,2.0,False,False
,,,Rosenborg,Maccabi Haifa,5–3,5.0,3.0,False,False
,,,Bayer Leverkusen,Baník Ostrava,6–2,6.0,2.0,False,False
,,,CSKA Moscow,Rangers,3–2,3.0,2.0,False,False
,,,Shakhtar Donetsk,Club Brugge,6–3,6.0,3.0,False,False
,,,Dynamo Kyiv,Irtysh (Pavlodar),3–3,3.0,3.0,False,False
,,,Red Star Belgrade,PSV Eindhoven,3–7,3.0,7.0,False,False
,,,Dinamo București,Manchester United,1–5,1.0,5.0,False,False
,,,Basel,Internazionale,2–5,2.0,5.0,False,False
,,,Benfica,Anderlecht,1–3,1.0,3.0,False,False
,,,Shelbourne,Deportivo La Coruña,0–3,0.0,3.0,False,False
,,,PAOK,Maccabi Tel Aviv,0–4,0.0,4.0,False,False
,,,HIT Gorica,Monaco,0–9,0.0,9.0,False,False
,,,Wisła Kraków,Real Madrid,1–5,1.0,5.0,False,False
,,,Real Madrid,Juventus,1–2,1.0,2.0,False,False
,,,Liverpool,Bayer Leverkusen,6–2,6.0,2.0,False,False
,,,PSV Eindhoven,Monaco,3–0,3.0,0.0,False,False
,,,Bayern Munich,Arsenal,3–2,3.0,2.0,False,False
,,,Barcelona,Chelsea,4–5,4.0,5.0,False,False
,,,Manchester United,Milan,0–2,0.0,2.0,False,False
,,,Werder Bremen,Lyon,2–10,2.0,10.0,False,False
,,,Porto,Internazionale,2–4,2.0,4.0,False,False
,,,Liverpool,Juventus,2–1,2.0,1.0,False,False
,,,Lyon,PSV Eindhoven,2–2 (2–4 p),2.0,2.0,False,False
,,,Chelsea,Bayern Munich,6–5,6.0,5.0,False,False
,,,Milan,Internazionale,5–0,5.0,0.0,False,False
,,,Chelsea,Liverpool,0–1,0.0,1.0,False,False
,,,Milan,PSV Eindhoven,3–3 (a),3.0,3.0,False,False
,,,Levadia Tallinn,Dinamo Tbilisi,1–2,1.0,2.0,False,False
,,,Kairat,Artmedia Bratislava,3–4,3.0,4.0,False,False
,,,Neftçi,FH,4–1,4.0,1.0,False,False
,,,Rabotnicki,Skonto,6–1,6.0,1.0,False,False
,,,Dinamo Minsk,Anorthosis Famagusta,1–2,1.0,2.0,False,False
,,,Sliema Wanderers,Sheriff Tiraspol,1–6,1.0,6.0,False,False
,,,HB,Kaunas,2–8,2.0,8.0,False,False
,,,Liverpool,Total Network Solutions,6–0,6.0,0.0,False,False
,,,Haka,Pyunik,3–2,3.0,2.0,False,False
,,,HIT Gorica,Tirana,2–3,2.0,3.0,False,False
,,,Glentoran,Shelbourne,2–6,2.0,6.0,False,False
,,,F91 Dudelange,Zrinjski Mostar,4–1,4.0,1.0,False,False
,,,Kaunas,Liverpool,1–5,1.0,5.0,False,False
,,,Dinamo Tbilisi,Brøndby,1–5,1.0,5.0,False,False
,,,Anderlecht,Neftçi,5–1,5.0,1.0,False,False
,,,Vålerenga,Haka,5–1,5.0,1.0,False,False
,,,Dynamo Kyiv,Thun,2–3,2.0,3.0,False,False
,,,Anorthosis Famagusta,Trabzonspor,3–2,3.0,2.0,False,False
,,,Artmedia Bratislava,Celtic,5–4,5.0,4.0,False,False
,,,Tirana,CSKA Sofia,0–4,0.0,4.0,False,False
,,,Malmö FF,Maccabi Haifa,5–4,5.0,4.0,False,False
,,,Shelbourne,Steaua București,1–4,1.0,4.0,False,False
,,,Rabotnicki,Lokomotiv Moscow,1–3,1.0,3.0,False,False
,,,F91 Dudelange,Rapid Wien,3–9,3.0,9.0,False,False
,,,Partizan,Sheriff Tiraspol,2–0,2.0,0.0,False,False
,,,Debrecen,Hajduk Split,8–0,8.0,0.0,False,False
,,,Wisła Kraków,Panathinaikos,4–5,4.0,5.0,False,False
,,,Real Betis,Monaco,3–2,3.0,2.0,False,False
,,,Vålerenga,Club Brugge,1–1 (3–4 p),1.0,1.0,False,False
,,,Manchester United,Debrecen,6–0,6.0,0.0,False,False
,,,Everton,Villarreal,2–4,2.0,4.0,False,False
,,,Anorthosis Famagusta,Rangers,1–4,1.0,4.0,False,False
,,,Steaua București,Rosenborg,3–4,3.0,4.0,False,False
,,,Rapid Wien,Lokomotiv Moscow,2–1,2.0,1.0,False,False
,,,Artmedia Bratislava,Partizan,0–0 (4–3 p),0.0,0.0,False,False
,,,CSKA Sofia,Liverpool,2–3,2.0,3.0,False,False
,,,Sporting CP,Udinese,2–4,2.0,4.0,False,False
,,,Malmö FF,Thun,0–4,0.0,4.0,False,False
,,,Shakhtar Donetsk,Internazionale,1–3,1.0,3.0,False,False
,,,Basel,Werder Bremen,2–4,2.0,4.0,False,False
,,,Brøndby,Ajax,3–5,3.0,5.0,False,False
,,,Anderlecht,Slavia Prague,4–1,4.0,1.0,False,False
,,,Chelsea,Barcelona,2–3,2.0,3.0,False,False
,,,Real Madrid,Arsenal,0–1,0.0,1.0,False,False
,,,Werder Bremen,Juventus,4–4 (a),4.0,4.0,False,False
,,,Bayern Munich,Milan,2–5,2.0,5.0,False,False
,,,PSV Eindhoven,Lyon,0–5,0.0,5.0,False,False
,,,Ajax,Internazionale,2–3,2.0,3.0,False,False
,,,Benfica,Liverpool,3–0,3.0,0.0,False,False
,,,Rangers,Villarreal,3–3 (a),3.0,3.0,False,False
,,,Arsenal,Juventus,2–0,2.0,0.0,False,False
,,,Lyon,Milan,1–3,1.0,3.0,False,False
,,,Internazionale,Villarreal,2–2 (a),2.0,2.0,False,False
,,,Benfica,Barcelona,0–2,0.0,2.0,False,False
,,,Arsenal,Villarreal,1–0,1.0,0.0,False,False
,,,Milan,Barcelona,0–1,0.0,1.0,False,False
,,,Elbasani,Ekranas,1–3,1.0,3.0,False,False
,,,TVMK,FH,3–4,3.0,4.0,False,False
,,,Liepājas Metalurgs,Aktobe,2–1,2.0,1.0,False,False
,,,MYPA,The New Saints,2–0,2.0,0.0,False,False
,,,Cork City,Apollon Limassol,2–1,2.0,1.0,False,False
,,,Sioni Bolnisi,Baku,2–1,2.0,1.0,False,False
,,,F91 Dudelange,Rabotnicki,0–1,0.0,1.0,False,False
,,,Shakhtyor Soligorsk,Široki Brijeg,0–2,0.0,2.0,False,False
,,,Birkirkara,B36,2–5,2.0,5.0,False,False
,,,Linfield,HIT Gorica,3–5,3.0,5.0,False,False
,,,Pyunik,Sheriff Tiraspol,0–2,0.0,2.0,False,False
,,,HIT Gorica,Steaua București,0–5,0.0,5.0,False,False
,,,Levski Sofia,Sioni Bolnisi,4–0,4.0,0.0,False,False
,,,Zürich,Red Bull Salzburg,2–3,2.0,3.0,False,False
,,,Djurgårdens IF,Ružomberok,2–3,2.0,3.0,False,False
,,,Debrecen,Rabotnicki,2–5,2.0,5.0,False,False
,,,Cork City,Red Star Belgrade,0–4,0.0,4.0,False,False
,,,Fenerbahçe,B36,9–0,9.0,0.0,False,False
,,,Mladá Boleslav,Vålerenga,5–3,5.0,3.0,False,False
,,,Sheriff Tiraspol,Spartak Moscow,1–1 (a),1.0,1.0,False,False
,,,Liepājas Metalurgs,Dynamo Kyiv,1–8,1.0,8.0,False,False
,,,FH,Legia Warsaw,0–3,0.0,3.0,False,False
,,,Copenhagen,MYPA,4–2,4.0,2.0,False,False
,,,Ekranas,Dinamo Zagreb,3–9,3.0,9.0,False,False
,,,Heart of Midlothian,Široki Brijeg,3–0,3.0,0.0,False,False
,,,Slovan Liberec,Spartak Moscow,1–2,1.0,2.0,False,False
,,,Shakhtar Donetsk,Legia Warsaw,4–2,4.0,2.0,False,False
,,,Red Bull Salzburg,Valencia,1–3,1.0,3.0,False,False
,,,Levski Sofia,Chievo,4–2,4.0,2.0,False,False
,,,Heart of Midlothian,AEK Athens,1–5,1.0,5.0,False,False
,,,CSKA Moscow,Ružomberok,5–0,5.0,0.0,False,False
,,,Milan,Red Star Belgrade,3–1,3.0,1.0,False,False
,,,Galatasaray,Mladá Boleslav,6–3,6.0,3.0,False,False
,,,Standard Liège,Steaua București,3–4,3.0,4.0,False,False
,,,Austria Wien,Benfica,1–4,1.0,4.0,False,False
,,,Dinamo Zagreb,Arsenal,1–5,1.0,5.0,False,False
,,,Copenhagen,Ajax,3–2,3.0,2.0,False,False
,,,Hamburger SV,Osasuna,1–1 (a),1.0,1.0,False,False
,,,Dynamo Kyiv,Fenerbahçe,5–3,5.0,3.0,False,False
,,,Liverpool,Maccabi Haifa,3–2,3.0,2.0,False,False
,,,Lille,Rabotnicki,4–0,4.0,0.0,False,False
,,,Porto,Chelsea,2–3,2.0,3.0,False,False
,,,Celtic,Milan,0–1,0.0,1.0,False,False
,,,PSV Eindhoven,Arsenal,2–1,2.0,1.0,False,False
,,,Lille,Manchester United,0–2,0.0,2.0,False,False
,,,Roma,Lyon,2–0,2.0,0.0,False,False
,,,Barcelona,Liverpool,2–2 (a),2.0,2.0,False,False
,,,Real Madrid,Bayern Munich,4–4 (a),4.0,4.0,False,False
,,,Internazionale,Valencia,2–2 (a),2.0,2.0,False,False
,,,Milan,Bayern Munich,4–2,4.0,2.0,False,False
,,,PSV Eindhoven,Liverpool,0–4,0.0,4.0,False,False
,,,Roma,Manchester United,3–8,3.0,8.0,False,False
,,,Chelsea,Valencia,3–2,3.0,2.0,False,False
,,,Chelsea,Liverpool,1–1 (1–4 p),1.0,1.0,False,False
,,,Manchester United,Milan,3–5,3.0,5.0,False,False
,,,Khazar Lankaran,Dinamo Zagreb,2–4,2.0,4.0,False,False
,,,APOEL,BATE Borisov,2–3,2.0,3.0,False,False
,,,Sheriff Tiraspol,Rànger's,5–0,5.0,0.0,False,False
,,,FH,HB,4–1,4.0,1.0,False,False
,,,The New Saints,Ventspils,4–4 (a),4.0,4.0,False,False
,,,Pobeda,Levadia Tallinn,0–1,0.0,1.0,False,False
,,,Olimpi Rustavi,Astana,0–3,0.0,3.0,False,False
,,,Zeta,Kaunas,5–4,5.0,4.0,False,False
,,,Murata,Tampere United,1–4,1.0,4.0,False,False
,,,F91 Dudelange,Žilina,5–7,5.0,7.0,False,False
,,,Linfield,IF Elfsborg,0–1,0.0,1.0,False,False
,,,Derry City,Pyunik,0–2,0.0,2.0,False,False
,,,Marsaxlokk,Sarajevo,1–9,1.0,9.0,False,False
,,,Domžale,Tirana,3–1,3.0,1.0,False,False
,,,Pyunik,Shakhtar Donetsk,1–4,1.0,4.0,False,False
,,,Red Star Belgrade,Levadia Tallinn,2–2 (a),2.0,2.0,False,False
,,,Rangers,Zeta,3–0,3.0,0.0,False,False
,,,Debrecen,IF Elfsborg,0–1,0.0,1.0,False,False
,,,Zagłębie Lubin,Steaua București,1–3,1.0,3.0,False,False
,,,Genk,Sarajevo,2–2 (a),2.0,2.0,False,False
,,,Ventspils,Red Bull Salzburg,0–7,0.0,7.0,False,False
,,,Astana,Rosenborg,2–10,2.0,10.0,False,False
,,,FH,BATE Borisov,2–4,2.0,4.0,False,False
,,,Copenhagen,Beitar Jerusalem,2–1,2.0,1.0,False,False
,,,Žilina,Slavia Prague,0–0 (3–4 p),0.0,0.0,False,False
,,,Tampere United,Levski Sofia,2–0,2.0,0.0,False,False
,,,Domžale,Dinamo Zagreb,2–5,2.0,5.0,False,False
,,,Beşiktaş,Sheriff Tiraspol,4–0,4.0,0.0,False,False
,,,BATE Borisov,Steaua București,2–4,2.0,4.0,False,False
,,,Tampere United,Rosenborg,0–5,0.0,5.0,False,False
,,,Spartak Moscow,Celtic,2–2 (3–4 p),2.0,2.0,False,False
,,,Werder Bremen,Dinamo Zagreb,5–3,5.0,3.0,False,False
,,,Red Bull Salzburg,Shakhtar Donetsk,2–3,2.0,3.0,False,False
,,,Ajax,Slavia Prague,1–3,1.0,3.0,False,False
,,,Valencia,IF Elfsborg,5–1,5.0,1.0,False,False
,,,Sarajevo,Dynamo Kyiv,0–4,0.0,4.0,False,False
,,,Fenerbahçe,Anderlecht,3–0,3.0,0.0,False,False
,,,Rangers,Red Star Belgrade,1–0,1.0,0.0,False,False
,,,Toulouse,Liverpool,0–5,0.0,5.0,False,False
,,,Benfica,Copenhagen,3–1,3.0,1.0,False,False
,,,Lazio,Dinamo București,4–2,4.0,2.0,False,False
,,,Sparta Prague,Arsenal,0–5,0.0,5.0,False,False
,,,Zürich,Beşiktaş,1–3,1.0,3.0,False,False
,,,Sevilla,AEK Athens,6–1,6.0,1.0,False,False
,,,Celtic,Barcelona,2–4,2.0,4.0,False,False
,,,Lyon,Manchester United,1–2,1.0,2.0,False,False
,,,Schalke 04,Porto,1–1 (4–1 p),1.0,1.0,False,False
,,,Liverpool,Internazionale,3–0,3.0,0.0,False,False
,,,Roma,Real Madrid,4–2,4.0,2.0,False,False
,,,Arsenal,Milan,2–0,2.0,0.0,False,False
,,,Olympiacos,Chelsea,0–3,0.0,3.0,False,False
,,,Fenerbahçe,Sevilla,5–5 (3–2 p),5.0,5.0,False,False
,,,Arsenal,Liverpool,3–5,3.0,5.0,False,False
,,,Roma,Manchester United,0–3,0.0,3.0,False,False
,,,Schalke 04,Barcelona,0–2,0.0,2.0,False,False
,,,Fenerbahçe,Chelsea,2–3,2.0,3.0,False,False
,,,Liverpool,Chelsea,3–4,3.0,4.0,False,False
,,,Barcelona,Manchester United,0–1,0.0,1.0,False,False
,,,Linfield,Dinamo Zagreb,1–3,1.0,3.0,False,False
,,,Valletta,Artmedia Petržalka,0–3,0.0,3.0,False,False
,,,Dinamo Tbilisi,NSÍ,3–1,3.0,1.0,False,False
,,,FC Santa Coloma,Kaunas,2–7,2.0,7.0,False,False
,,,Murata,IFK Göteborg,0–9,0.0,9.0,False,False
,,,Llanelli,Ventspils,1–4,1.0,4.0,False,False
,,,Anorthosis Famagusta,Pyunik,3–0,3.0,0.0,False,False
,,,Inter Baku,Rabotnicki,1–1 (a),1.0,1.0,False,False
,,,Tampere United,Budućnost Podgorica,3–2,3.0,2.0,False,False
,,,F91 Dudelange,Domžale,0–3,0.0,3.0,False,False
,,,Dinamo Tirana,Modriča Maxima,1–4,1.0,4.0,False,False
,,,Aktobe,Sheriff Tiraspol,1–4,1.0,4.0,False,False
,,,Drogheda United,Levadia Tallinn,3–1,3.0,1.0,False,False
,,,BATE Borisov,Valur,3–0,3.0,0.0,False,False
,,,Rangers,Kaunas,1–2,1.0,2.0,False,False
,,,Brann,Ventspils,2–2 (a),2.0,2.0,False,False
,,,Inter Baku,Partizan,1–3,1.0,3.0,False,False
,,,Tampere United,Artmedia Petržalka,3–7,3.0,7.0,False,False
,,,Anorthosis Famagusta,Rapid Wien,4–3,4.0,3.0,False,False
,,,Domžale,Dinamo Zagreb,2–6,2.0,6.0,False,False
,,,Panathinaikos,Dinamo Tbilisi,3–0,3.0,0.0,False,False
,,,IFK Göteborg,Basel,3–5,3.0,5.0,False,False
,,,Sheriff Tiraspol,Sparta Prague,0–3,0.0,3.0,False,False
,,,Drogheda United,Dynamo Kyiv,3–4,3.0,4.0,False,False
,,,Anderlecht,BATE Borisov,3–4,3.0,4.0,False,False
,,,Beitar Jerusalem,Wisła Kraków,2–6,2.0,6.0,False,False
,,,Fenerbahçe,MTK Budapest,7–0,7.0,0.0,False,False
,,,AaB,Modriča Maxima,7–1,7.0,1.0,False,False
,,,Anorthosis Famagusta,Olympiacos,3–1,3.0,1.0,False,False
,,,Vitória de Guimarães,Basel,1–2,1.0,2.0,False,False
,,,Shakhtar Donetsk,Dinamo Zagreb,5–1,5.0,1.0,False,False
,,,Schalke 04,Atlético Madrid,1–4,1.0,4.0,False,False
,,,AaB,Kaunas,4–0,4.0,0.0,False,False
,,,Barcelona,Wisła Kraków,4–1,4.0,1.0,False,False
,,,Levski Sofia,BATE Borisov,1–2,1.0,2.0,False,False
,,,Standard Liège,Liverpool,0–1,0.0,1.0,False,False
,,,Partizan,Fenerbahçe,3–4,3.0,4.0,False,False
,,,Twente,Arsenal,0–6,0.0,6.0,False,False
,,,Spartak Moscow,Dynamo Kyiv,2–8,2.0,8.0,False,False
,,,Juventus,Artmedia Petržalka,5–1,5.0,1.0,False,False
,,,Brann,Marseille,1–3,1.0,3.0,False,False
,,,Fiorentina,Slavia Prague,2–0,2.0,0.0,False,False
,,,Galatasaray,Steaua București,2–3,2.0,3.0,False,False
,,,Chelsea,Juventus,3–2,3.0,2.0,False,False
,,,Villarreal,Panathinaikos,3–2,3.0,2.0,False,False
,,,Sporting CP,Bayern Munich,1–12,1.0,12.0,False,False
,,,Atlético Madrid,Porto,2–2 (a),2.0,2.0,False,False
,,,Lyon,Barcelona,3–6,3.0,6.0,False,False
,,,Real Madrid,Liverpool,0–5,0.0,5.0,False,False
,,,Arsenal,Roma,1–1 (7–6 p),1.0,1.0,False,False
,,,Internazionale,Manchester United,0–2,0.0,2.0,False,False
,,,Villarreal,Arsenal,1–4,1.0,4.0,False,False
,,,Manchester United,Porto,3–2,3.0,2.0,False,False
,,,Liverpool,Chelsea,5–7,5.0,7.0,False,False
,,,Barcelona,Bayern Munich,5–1,5.0,1.0,False,False
,,,Manchester United,Arsenal,4–1,4.0,1.0,False,False
,,,Barcelona,Chelsea,1–1 (a),1.0,1.0,False,False
,,,Tre Fiori,Sant Julià,2–2 (4–5 p)[a],2.0,2.0,False,False
,,,Hibernians,Mogren,0–6,0.0,6.0,False,False
,,,Tirana,Stabæk,1–5,1.0,5.0,False,False
,,,WIT Georgia,Maribor,1–3,1.0,3.0,False,False
,,,EB/Streymur,APOEL,0–5,0.0,5.0,False,False
,,,Copenhagen,Mogren,12–0,12.0,0.0,False,False
,,,Debrecen,Kalmar FF,3–3 (a),3.0,3.0,False,False
,,,Makedonija GP,BATE Borisov,0–4,0.0,4.0,False,False
,,,FH,Aktobe,0–6,0.0,6.0,False,False
,,,Pyunik,Dinamo Zagreb,0–3,0.0,3.0,False,False
,,,Ventspils,F91 Dudelange,6–1,6.0,1.0,False,False
,,,Ekranas,Baku,4–6,4.0,6.0,False,False
,,,Red Bull Salzburg,Bohemians,2–1,2.0,1.0,False,False
,,,Zrinjski Mostar,Slovan Bratislava,1–4,1.0,4.0,False,False
,,,Inter Turku,Sheriff Tiraspol,0–2,0.0,2.0,False,False
,,,Rhyl,Partizan,0–12,0.0,12.0,False,False
,,,Wisła Kraków,Levadia Tallinn,1–2,1.0,2.0,False,False
,,,Levski Sofia,Sant Julià,9–0,9.0,0.0,False,False
,,,Maccabi Haifa,Glentoran,10–0,10.0,0.0,False,False
,,,Red Bull Salzburg,Dinamo Zagreb,3–2,3.0,2.0,False,False
,,,Slovan Bratislava,Olympiacos,0–4,0.0,4.0,False,False
,,,Zürich,Maribor,5–3,5.0,3.0,False,False
,,,APOEL,Partizan,2–1,2.0,1.0,False,False
,,,Sheriff Tiraspol,Slavia Prague,1–1 (a),1.0,1.0,False,False
,,,Aktobe,Maccabi Haifa,3–4,3.0,4.0,False,False
,,,Baku,Levski Sofia,0–2,0.0,2.0,False,False
,,,Ventspils,BATE Borisov,2–2 (a),2.0,2.0,False,False
,,,Levadia Tallinn,Debrecen,0–2,0.0,2.0,False,False
,,,Copenhagen,Stabæk,3–1,3.0,1.0,False,False
,,,Sparta Prague,Panathinaikos,3–4,3.0,4.0,False,False
,,,Shakhtar Donetsk,Timișoara,2–2 (a),2.0,2.0,False,False
,,,Sporting CP,Twente,1–1 (a),1.0,1.0,False,False
,,,Celtic,Dynamo Moscow,2–1,2.0,1.0,False,False
,,,Anderlecht,Sivasspor,6–3,6.0,3.0,False,False
,,,Sheriff Tiraspol,Olympiacos,0–3,0.0,3.0,False,False
,,,Red Bull Salzburg,Maccabi Haifa,1–5,1.0,5.0,False,False
,,,Ventspils,Zürich,1–5,1.0,5.0,False,False
,,,Copenhagen,APOEL,2–3,2.0,3.0,False,False
,,,Levski Sofia,Debrecen,1–4,1.0,4.0,False,False
,,,Lyon,Anderlecht,8–2,8.0,2.0,False,False
,,,Celtic,Arsenal,1–5,1.0,5.0,False,False
,,,Timișoara,VfB Stuttgart,0–2,0.0,2.0,False,False
,,,Sporting CP,Fiorentina,3–3 (a),3.0,3.0,False,False
,,,Panathinaikos,Atlético Madrid,2–5,2.0,5.0,False,False
,,,VfB Stuttgart,Barcelona,1–5,1.0,5.0,False,False
,,,Olympiacos,Bordeaux,1–3,1.0,3.0,False,False
,,,Inter Milan,Chelsea,3–1,3.0,1.0,False,False
,,,Bayern Munich,Fiorentina,4–4 (a),4.0,4.0,False,False
,,,CSKA Moscow,Sevilla,3–2,3.0,2.0,False,False
,,,Lyon,Real Madrid,2–1,2.0,1.0,False,False
,,,Porto,Arsenal,2–6,2.0,6.0,False,False
,,,Milan,Manchester United,2–7,2.0,7.0,False,False
,,,Lyon,Bordeaux,3–2,3.0,2.0,False,False
,,,Bayern Munich,Manchester United,4–4 (a),4.0,4.0,False,False
,,,Arsenal,Barcelona,3–6,3.0,6.0,False,False
,,,Inter Milan,CSKA Moscow,2–0,2.0,0.0,False,False
,,,Bayern Munich,Lyon,4–0,4.0,0.0,False,False
,,,Inter Milan,Barcelona,3–2,3.0,2.0,False,False
,,,Tre Fiori,Rudar Pljevlja,1–7,1.0,7.0,False,False
,,,FC Santa Coloma,Birkirkara,3–7,3.0,7.0,False,False
,,,Liepājas Metalurgs,Sparta Prague,0–5,0.0,5.0,False,False
,,,Aktobe,Olimpi Rustavi,3–1,3.0,1.0,False,False
,,,Levadia Tallinn,Debrecen,3–4,3.0,4.0,False,False
,,,Partizan,Pyunik,4–1,4.0,1.0,False,False
,,,Inter Baku,Lech Poznań,1–1 (8–9 p),1.0,1.0,False,False
,,,Dinamo Zagreb,Koper,5–4,5.0,4.0,False,False
,,,Litex Lovech,Rudar Pljevlja,5–0,5.0,0.0,False,False
,,,Birkirkara,Žilina,1–3,1.0,3.0,False,False
,,,Sheriff Tiraspol,Dinamo Tirana,3–2,3.0,2.0,False,False
,,,Hapoel Tel Aviv,Željezničar,6–0,6.0,0.0,False,False
,,,Omonia,Renova,5–0,5.0,0.0,False,False
,,,Red Bull Salzburg,HB,5–1,5.0,1.0,False,False
,,,Bohemians,The New Saints,1–4,1.0,4.0,False,False
,,,BATE Borisov,FH,6–1,6.0,1.0,False,False
,,,AIK,Jeunesse Esch,1–0,1.0,0.0,False,False
,,,Linfield,Rosenborg,0–2,0.0,2.0,False,False
,,,Ekranas,HJK,1–2,1.0,2.0,False,False
,,,Sparta Prague,Lech Poznań,2–0,2.0,0.0,False,False
,,,Aktobe,Hapoel Tel Aviv,2–3,2.0,3.0,False,False
,,,Sheriff Tiraspol,Dinamo Zagreb,2–2 (6–5 p),2.0,2.0,False,False
,,,Litex Lovech,Žilina,2–4,2.0,4.0,False,False
,,,Debrecen,Basel,1–5,1.0,5.0,False,False
,,,AIK,Rosenborg,0–4,0.0,4.0,False,False
,,,Partizan,HJK,5–1,5.0,1.0,False,False
,,,BATE Borisov,Copenhagen,2–3,2.0,3.0,False,False
,,,The New Saints,Anderlecht,1–6,1.0,6.0,False,False
,,,Omonia,Red Bull Salzburg,2–5,2.0,5.0,False,False
,,,Ajax,PAOK,4–4 (a),4.0,4.0,False,False
,,,Dynamo Kyiv,Gent,6–1,6.0,1.0,False,False
,,,Young Boys,Fenerbahçe,3–2,3.0,2.0,False,False
,,,Braga,Celtic,4–2,4.0,2.0,False,False
,,,Unirea Urziceni,Zenit Saint Petersburg,0–1,0.0,1.0,False,False
,,,Red Bull Salzburg,Hapoel Tel Aviv,3–4,3.0,4.0,False,False
,,,Rosenborg,Copenhagen,2–2 (a),2.0,2.0,False,False
,,,Basel,Sheriff Tiraspol,4–0,4.0,0.0,False,False
,,,Sparta Prague,Žilina,0–3,0.0,3.0,False,False
,,,Partizan,Anderlecht,4–4 (3–2 p),4.0,4.0,False,False
,,,Young Boys,Tottenham Hotspur,3–6,3.0,6.0,False,False
,,,Braga,Sevilla,5–3,5.0,3.0,False,False
,,,Werder Bremen,Sampdoria,5–4,5.0,4.0,False,False
,,,Zenit Saint Petersburg,Auxerre,1–2,1.0,2.0,False,False
,,,Dynamo Kyiv,Ajax,2–3,2.0,3.0,False,False
,,,Roma,Shakhtar Donetsk,2–6,2.0,6.0,False,False
,,,Milan,Tottenham Hotspur,0–1,0.0,1.0,False,False
,,,Valencia,Schalke 04,2–4,2.0,4.0,False,False
,,,Internazionale,Bayern Munich,3–3 (a),3.0,3.0,False,False
,,,Lyon,Real Madrid,1–4,1.0,4.0,False,False
,,,Arsenal,Barcelona,3–4,3.0,4.0,False,False
,,,Marseille,Manchester United,1–2,1.0,2.0,False,False
,,,Copenhagen,Chelsea,0–2,0.0,2.0,False,False
,,,Real Madrid,Tottenham Hotspur,5–0,5.0,0.0,False,False
,,,Chelsea,Manchester United,1–3,1.0,3.0,False,False
,,,Barcelona,Shakhtar Donetsk,6–1,6.0,1.0,False,False
,,,Internazionale,Schalke 04,3–7,3.0,7.0,False,False
,,,Schalke 04,Manchester United,1–6,1.0,6.0,False,False
,,,Real Madrid,Barcelona,1–3,1.0,3.0,False,False
,,,Tre Fiori,Valletta,1–5,1.0,5.0,False,False
,,,FC Santa Coloma,F91 Dudelange,0–4,0.0,4.0,False,False
,,,Maccabi Haifa,Borac Banja Luka,7–4,7.0,4.0,False,False
,,,Mogren,Litex Lovech,1–5,1.0,5.0,False,False
,,,Maribor,F91 Dudelange,5–1,5.0,1.0,False,False
,,,Skënderbeu,APOEL,0–6,0.0,6.0,False,False
,,,Slovan Bratislava,Tobol,3–1,3.0,1.0,False,False
,,,Sturm Graz,Videoton,4–3,4.0,3.0,False,False
,,,Zestaponi,Dacia Chișinău,3–2,3.0,2.0,False,False
,,,Dinamo Zagreb,Neftçi,3–0,3.0,0.0,False,False
,,,Pyunik,Viktoria Plzeň,1–9,1.0,9.0,False,False
,,,Partizan,Shkëndija,5–0,5.0,0.0,False,False
,,,Valletta,Ekranas,2–4,2.0,4.0,False,False
,,,Malmö FF,HB,3–1,3.0,1.0,False,False
,,,Shamrock Rovers,Flora,1–0,1.0,0.0,False,False
,,,Rosenborg,Breiðablik,5–2,5.0,2.0,False,False
,,,Skonto,Wisła Kraków,0–3,0.0,3.0,False,False
,,,Linfield,BATE Borisov,1–3,1.0,3.0,False,False
,,,Litex Lovech,Wisła Kraków,2–5,2.0,5.0,False,False
,,,Maccabi Haifa,Maribor,3–2,3.0,2.0,False,False
,,,HJK,Dinamo Zagreb,1–3,1.0,3.0,False,False
,,,APOEL,Slovan Bratislava,2–0,2.0,0.0,False,False
,,,Copenhagen,Shamrock Rovers,3–0,3.0,0.0,False,False
,,,Genk,Partizan,3–2,3.0,2.0,False,False
,,,Rosenborg,Viktoria Plzeň,2–4,2.0,4.0,False,False
,,,Zestaponi,Sturm Graz,1–2,1.0,2.0,False,False
,,,Ekranas,BATE Borisov,1–3,1.0,3.0,False,False
,,,Rangers,Malmö FF,1–2,1.0,2.0,False,False
,,,Standard Liège,Zürich,1–2,1.0,2.0,False,False
,,,Twente,Vaslui,2–0,2.0,0.0,False,False
,,,Benfica,Trabzonspor,3–1,3.0,1.0,False,False
,,,Dynamo Kyiv,Rubin Kazan,1–4,1.0,4.0,False,False
,,,Odense,Panathinaikos,5–4,5.0,4.0,False,False
,,,Wisła Kraków,APOEL,2–3,2.0,3.0,False,False
,,,Maccabi Haifa,Genk,3–3 (1–4 p),3.0,3.0,False,False
,,,Dinamo Zagreb,Malmö FF,4–3,4.0,3.0,False,False
,,,Copenhagen,Viktoria Plzeň,2–5,2.0,5.0,False,False
,,,BATE Borisov,Sturm Graz,3–1,3.0,1.0,False,False
,,,Odense,Villarreal,1–3,1.0,3.0,False,False
,,,Twente,Benfica,3–5,3.0,5.0,False,False
,,,Arsenal,Udinese,3–1,3.0,1.0,False,False
,,,Bayern Munich,Zürich,3–0,3.0,0.0,False,False
,,,Lyon,Rubin Kazan,4–2,4.0,2.0,False,False
,,,Lyon,APOEL,1–1 (3–4 p),1.0,1.0,False,False
,,,Napoli,Chelsea,4–5,4.0,5.0,False,False
,,,Milan,Arsenal,4–3,4.0,3.0,False,False
,,,Basel,Bayern Munich,1–7,1.0,7.0,False,False
,,,Bayer Leverkusen,Barcelona,2–10,2.0,10.0,False,False
,,,CSKA Moscow,Real Madrid,2–5,2.0,5.0,False,False
,,,Zenit Saint Petersburg,Benfica,3–4,3.0,4.0,False,False
,,,Marseille,Internazionale,2–2 (a),2.0,2.0,False,False
,,,APOEL,Real Madrid,2–8,2.0,8.0,False,False
,,,Marseille,Bayern Munich,0–4,0.0,4.0,False,False
,,,Benfica,Chelsea,1–3,1.0,3.0,False,False
,,,Milan,Barcelona,1–3,1.0,3.0,False,False
,,,Bayern Munich,Real Madrid,3–3 (3–1 p),3.0,3.0,False,False
,,,Chelsea,Barcelona,3–2,3.0,2.0,False,False
,,,F91 Dudelange,Tre Penne,11–0,11.0,0.0,False,False
,,,Valletta,Lusitanos,9–0,9.0,0.0,False,False
,,,Linfield,B36,0–0 (4–3 p),0.0,0.0,False,False
,,,Skënderbeu,Debrecen,1–3,1.0,3.0,False,False
,,,Maribor,Željezničar,6–2,6.0,2.0,False,False
,,,Žilina,Ironi Kiryat Shmona,1–2,1.0,2.0,False,False
,,,BATE Borisov,Vardar,3–2,3.0,2.0,False,False
,,,AEL Limassol,Linfield,3–0,3.0,0.0,False,False
,,,Shamrock Rovers,Ekranas,1–2,1.0,2.0,False,False
,,,Flora,Basel,0–5,0.0,5.0,False,False
,,,The New Saints,Helsingborgs IF,0–3,0.0,3.0,False,False
,,,HJK,KR,9–1,9.0,1.0,False,False
,,,Molde,Ventspils,4–1,4.0,1.0,False,False
,,,F91 Dudelange,Red Bull Salzburg,4–4 (a),4.0,4.0,False,False
,,,Slovan Liberec,Shakhter Karagandy,2–1,2.0,1.0,False,False
,,,Ludogorets Razgrad,Dinamo Zagreb,3–4,3.0,4.0,False,False
,,,Neftçi,Zestaponi,5–2,5.0,2.0,False,False
,,,Ulisses,Sheriff Tiraspol,0–2,0.0,2.0,False,False
,,,Valletta,Partizan,2–7,2.0,7.0,False,False
,,,Budućnost Podgorica,Śląsk Wrocław,1–2,1.0,2.0,False,False
,,,Maribor,F91 Dudelange,5–1,5.0,1.0,False,False
,,,BATE Borisov,Debrecen,3–1,3.0,1.0,False,False
,,,CFR Cluj,Slovan Liberec,3–1,3.0,1.0,False,False
,,,Anderlecht,Ekranas,11–0,11.0,0.0,False,False
,,,Śląsk Wrocław,Helsingborgs IF,1–6,1.0,6.0,False,False
,,,Sheriff Tiraspol,Dinamo Zagreb,0–5,0.0,5.0,False,False
,,,Celtic,HJK,4–1,4.0,1.0,False,False
,,,Molde,Basel,1–2,1.0,2.0,False,False
,,,Ironi Kiryat Shmona,Neftçi,6–2,6.0,2.0,False,False
,,,AEL Limassol,Partizan,2–0,2.0,0.0,False,False
,,,Fenerbahçe,Vaslui,5–2,5.0,2.0,False,False
,,,Motherwell,Panathinaikos,0–5,0.0,5.0,False,False
,,,Copenhagen,Club Brugge,3–2,3.0,2.0,False,False
,,,Dynamo Kyiv,Feyenoord,3–1,3.0,1.0,False,False
,,,Basel,CFR Cluj,1–3,1.0,3.0,False,False
,,,Helsingborgs IF,Celtic,0–4,0.0,4.0,False,False
,,,BATE Borisov,Ironi Kiryat Shmona,3–1,3.0,1.0,False,False
,,,AEL Limassol,Anderlecht,2–3,2.0,3.0,False,False
,,,Dinamo Zagreb,Maribor,3–1,3.0,1.0,False,False
,,,Braga,Udinese,2–2 (5–4 p),2.0,2.0,False,False
,,,Spartak Moscow,Fenerbahçe,3–2,3.0,2.0,False,False
,,,Málaga,Panathinaikos,2–0,2.0,0.0,False,False
,,,Borussia Mönchengladbach,Dynamo Kyiv,3–4,3.0,4.0,False,False
,,,Galatasaray,Schalke 04,4–3,4.0,3.0,False,False
,,,Celtic,Juventus,0–5,0.0,5.0,False,False
,,,Arsenal,Bayern Munich,3–3 (a),3.0,3.0,False,False
,,,Shakhtar Donetsk,Borussia Dortmund,2–5,2.0,5.0,False,False
,,,Milan,Barcelona,2–4,2.0,4.0,False,False
,,,Real Madrid,Manchester United,3–2,3.0,2.0,False,False
,,,Valencia,Paris Saint-Germain,2–3,2.0,3.0,False,False
,,,Porto,Málaga,1–2,1.0,2.0,False,False
,,,Málaga,Borussia Dortmund,2–3,2.0,3.0,False,False
,,,Real Madrid,Galatasaray,5–3,5.0,3.0,False,False
,,,Paris Saint-Germain,Barcelona,3–3 (a),3.0,3.0,False,False
,,,Bayern Munich,Juventus,4–0,4.0,0.0,False,False
,,,Bayern Munich,Barcelona,7–0,7.0,0.0,False,False
,,,Borussia Dortmund,Real Madrid,4–3,4.0,3.0,False,False
,,,Shirak,Tre Penne,3–1,3.0,1.0,False,False
,,,Lusitanos,EB/Streymur,3–7,3.0,7.0,False,False
,,,Neftçi,Skënderbeu,0–1,0.0,1.0,False,False
,,,Steaua București,Vardar,5–1,5.0,1.0,False,False
,,,Viktoria Plzeň,Željezničar,6–4,6.0,4.0,False,False
,,,Sheriff Tiraspol,Sutjeska,6–1,6.0,1.0,False,False
,,,Birkirkara,Maribor,0–2,0.0,2.0,False,False
,,,Sligo Rovers,Molde,0–3,0.0,3.0,False,False
,,,IF Elfsborg,Daugava Daugavpils,11–1,11.0,1.0,False,False
,,,HJK,Nõmme Kalju,1–2,1.0,2.0,False,False
,,,Ekranas,FH,1–3,1.0,3.0,False,False
,,,The New Saints,Legia Warsaw,1–4,1.0,4.0,False,False
,,,Győri ETO,Maccabi Tel Aviv,1–4,1.0,4.0,False,False
,,,BATE Borisov,Shakhter Karagandy,0–2,0.0,2.0,False,False
,,,Shirak,Partizan,1–1 (a),1.0,1.0,False,False
,,,Slovan Bratislava,Ludogorets Razgrad,2–4,2.0,4.0,False,False
,,,Dinamo Tbilisi,EB/Streymur,9–2,9.0,2.0,False,False
,,,Basel,Maccabi Tel Aviv,4–3,4.0,3.0,False,False
,,,Molde,Legia Warsaw,1–1 (a),1.0,1.0,False,False
,,,Ludogorets Razgrad,Partizan,3–1,3.0,1.0,False,False
,,,Dinamo Tbilisi,Steaua București,1–3,1.0,3.0,False,False
,,,APOEL,Maribor,1–1 (a),1.0,1.0,False,False
,,,Celtic,IF Elfsborg,1–0,1.0,0.0,False,False
,,,Shakhter Karagandy,Skënderbeu,5–3,5.0,3.0,False,False
,,,Austria Wien,FH,1–0,1.0,0.0,False,False
,,,Nõmme Kalju,Viktoria Plzeň,2–10,2.0,10.0,False,False
,,,Dinamo Zagreb,Sheriff Tiraspol,4–0,4.0,0.0,False,False
,,,Nordsjælland,Zenit Saint Petersburg,0–6,0.0,6.0,False,False
,,,Red Bull Salzburg,Fenerbahçe,2–4,2.0,4.0,False,False
,,,PAOK,Metalist Kharkiv,1–3,1.0,3.0,False,False
,,,PSV Eindhoven,Zulte Waregem,5–0,5.0,0.0,False,False
,,,Lyon,Grasshopper,2–0,2.0,0.0,False,False
,,,Dinamo Zagreb,Austria Wien,3–4,3.0,4.0,False,False
,,,Ludogorets Razgrad,Basel,2–6,2.0,6.0,False,False
,,,Viktoria Plzeň,Maribor,4–1,4.0,1.0,False,False
,,,Shakhter Karagandy,Celtic,2–3,2.0,3.0,False,False
,,,Steaua București,Legia Warsaw,3–3 (a),3.0,3.0,False,False
,,,Lyon,Real Sociedad,0–4,0.0,4.0,False,False
,,,Schalke 04,PAOK,4–3,4.0,3.0,False,False
,,,Paços de Ferreira,Zenit Saint Petersburg,3–8,3.0,8.0,False,False
,,,PSV Eindhoven,Milan,1–4,1.0,4.0,False,False
,,,Fenerbahçe,Arsenal,0–5,0.0,5.0,False,False
,,,Manchester City,Barcelona,1–4,1.0,4.0,False,False
,,,Olympiacos,Manchester United,2–3,2.0,3.0,False,False
,,,Milan,Atlético Madrid,1–5,1.0,5.0,False,False
,,,Bayer Leverkusen,Paris Saint-Germain,1–6,1.0,6.0,False,False
,,,Galatasaray,Chelsea,1–3,1.0,3.0,False,False
,,,Schalke 04,Real Madrid,2–9,2.0,9.0,False,False
,,,Zenit Saint Petersburg,Borussia Dortmund,4–5,4.0,5.0,False,False
,,,Arsenal,Bayern Munich,1–3,1.0,3.0,False,False
,,,Barcelona,Atlético Madrid,1–2,1.0,2.0,False,False
,,,Real Madrid,Borussia Dortmund,3–2,3.0,2.0,False,False
,,,Paris Saint-Germain,Chelsea,3–3 (a),3.0,3.0,False,False
,,,Manchester United,Bayern Munich,2–4,2.0,4.0,False,False
,,,Real Madrid,Bayern Munich,5–0,5.0,0.0,False,False
,,,Atlético Madrid,Chelsea,3–1,3.0,1.0,False,False
,,,FC Santa Coloma,Banants,3–3 (a),3.0,3.0,False,False
,,,Lincoln Red Imps,HB,3–6,3.0,6.0,False,False
,,,La Fiorita,Levadia Tallinn,0–8,0.0,8.0,False,False
,,,BATE Borisov,Skënderbeu,1–1 (a),1.0,1.0,False,False
,,,Dinamo Tbilisi,Aktobe,0–4,0.0,4.0,False,False
,,,Zrinjski Mostar,Maribor,0–2,0.0,2.0,False,False
,,,Sheriff Tiraspol,Sutjeska,5–0,5.0,0.0,False,False
,,,Sparta Prague,Levadia Tallinn,8–1,8.0,1.0,False,False
,,,Malmö FF,Ventspils,1–0,1.0,0.0,False,False
,,,Slovan Bratislava,The New Saints,3–0,3.0,0.0,False,False
,,,Cliftonville,Debrecen,0–2,0.0,2.0,False,False
,,,Partizan,HB,6–1,6.0,1.0,False,False
,,,Legia Warsaw,St Patrick's Athletic,6–1,6.0,1.0,False,False
,,,Rabotnicki,HJK,1–2,1.0,2.0,False,False
,,,Dinamo Zagreb,Žalgiris,4–0,4.0,0.0,False,False
,,,Ludogorets Razgrad,F91 Dudelange,5–1,5.0,1.0,False,False
,,,Valletta,Qarabağ,0–5,0.0,5.0,False,False
,,,Strømsgodset,Steaua București,0–3,0.0,3.0,False,False
,,,Qarabağ,Red Bull Salzburg,2–3,2.0,3.0,False,False
,,,Debrecen,BATE Borisov,2–3,2.0,3.0,False,False
,,,Slovan Bratislava,Sheriff Tiraspol,2–1,2.0,1.0,False,False
,,,AaB,Dinamo Zagreb,2–1,2.0,1.0,False,False
,,,Legia Warsaw,Celtic,4–4 (a),4.0,4.0,False,False
,,,Aktobe,Steaua București,3–4,3.0,4.0,False,False
,,,Maribor,Maccabi Tel Aviv,3–2,3.0,2.0,False,False
,,,HJK,APOEL,2–4,2.0,4.0,False,False
,,,Sparta Prague,Malmö FF,4–4 (a),4.0,4.0,False,False
,,,Ludogorets Razgrad,Partizan,2–2 (a),2.0,2.0,False,False
,,,AEL Limassol,Zenit Saint Petersburg,1–3,1.0,3.0,False,False
,,,Dnipro Dnipropetrovsk,Copenhagen,0–2,0.0,2.0,False,False
,,,Feyenoord,Beşiktaş,2–5,2.0,5.0,False,False
,,,Grasshopper,Lille,1–3,1.0,3.0,False,False
,,,Standard Liège,Panathinaikos,2–1,2.0,1.0,False,False
,,,Maribor,Celtic,2–1,2.0,1.0,False,False
,,,Red Bull Salzburg,Malmö FF,2–4,2.0,4.0,False,False
,,,AaB,APOEL,1–5,1.0,5.0,False,False
,,,Steaua București,Ludogorets Razgrad,1–1 (5–6 p),1.0,1.0,False,False
,,,Slovan Bratislava,BATE Borisov,1–4,1.0,4.0,False,False
,,,Beşiktaş,Arsenal,0–1,0.0,1.0,False,False
,,,Standard Liège,Zenit Saint Petersburg,0–4,0.0,4.0,False,False
,,,Copenhagen,Bayer Leverkusen,2–7,2.0,7.0,False,False
,,,Lille,Porto,0–3,0.0,3.0,False,False
,,,Napoli,Athletic Bilbao,2–4,2.0,4.0,False,False
,,,Paris Saint-Germain,Chelsea,3–3 (a),3.0,3.0,False,False
,,,Manchester City,Barcelona,1–3,1.0,3.0,False,False
,,,Bayer Leverkusen,Atlético Madrid,1–1 (2–3 p),1.0,1.0,False,False
,,,Juventus,Borussia Dortmund,5–1,5.0,1.0,False,False
,,,Schalke 04,Real Madrid,4–5,4.0,5.0,False,False
,,,Shakhtar Donetsk,Bayern Munich,0–7,0.0,7.0,False,False
,,,Arsenal,Monaco,3–3 (a),3.0,3.0,False,False
,,,Basel,Porto,1–5,1.0,5.0,False,False
,,,Paris Saint-Germain,Barcelona,1–5,1.0,5.0,False,False
,,,Atlético Madrid,Real Madrid,0–1,0.0,1.0,False,False
,,,Porto,Bayern Munich,4–7,4.0,7.0,False,False
,,,Juventus,Monaco,1–0,1.0,0.0,False,False
,,,Barcelona,Bayern Munich,5–3,5.0,3.0,False,False
,,,Juventus,Real Madrid,3–2,3.0,2.0,False,False
,,,Lincoln Red Imps,FC Santa Coloma,2–1,2.0,1.0,False,False
,,,Crusaders,Levadia Tallinn,1–1 (a),1.0,1.0,False,False
,,,Pyunik,Folgore,4–2,4.0,2.0,False,False
,,,B36,The New Saints,2–6,2.0,6.0,False,False
,,,Hibernians,Maccabi Tel Aviv,3–6,3.0,6.0,False,False
,,,APOEL,Vardar,1–1 (a),1.0,1.0,False,False
,,,Qarabağ,Rudar Pljevlja,1–0,1.0,0.0,False,False
,,,Sarajevo,Lech Poznań,0–3,0.0,3.0,False,False
,,,Maribor,Astana,2–3,2.0,3.0,False,False
,,,BATE Borisov,Dundalk,2–1,2.0,1.0,False,False
,,,Midtjylland,Lincoln Red Imps,3–0,3.0,0.0,False,False
,,,Molde,Pyunik,5–1,5.0,1.0,False,False
,,,Malmö FF,Žalgiris,1–0,1.0,0.0,False,False
,,,Celtic,Stjarnan,6–1,6.0,1.0,False,False
,,,Trenčín,Steaua București,3–4,3.0,4.0,False,False
,,,Partizan,Dila Gori,3–0,3.0,0.0,False,False
,,,Ludogorets Razgrad,Milsami Orhei,1–3,1.0,3.0,False,False
,,,Skënderbeu,Crusaders,6–4,6.0,4.0,False,False
,,,The New Saints,Videoton,1–2,1.0,2.0,False,False
,,,Lech Poznań,Basel,1–4,1.0,4.0,False,False
,,,Milsami Orhei,Skënderbeu,0–4,0.0,4.0,False,False
,,,HJK,Astana,3–4,3.0,4.0,False,False
,,,Celtic,Qarabağ,1–0,1.0,0.0,False,False
,,,Steaua București,Partizan,3–5,3.0,5.0,False,False
,,,Midtjylland,APOEL,2–2 (a),2.0,2.0,False,False
,,,Maccabi Tel Aviv,Viktoria Plzeň,3–2,3.0,2.0,False,False
,,,Dinamo Zagreb,Molde,4–4 (a),4.0,4.0,False,False
,,,Videoton,BATE Borisov,1–2,1.0,2.0,False,False
,,,Red Bull Salzburg,Malmö FF,2–3,2.0,3.0,False,False
,,,Panathinaikos,Club Brugge,2–4,2.0,4.0,False,False
,,,Young Boys,Monaco,1–7,1.0,7.0,False,False
,,,CSKA Moscow,Sparta Prague,5–4,5.0,4.0,False,False
,,,Rapid Wien,Ajax,5–4,5.0,4.0,False,False
,,,Fenerbahçe,Shakhtar Donetsk,0–3,0.0,3.0,False,False
,,,Astana,APOEL,2–1,2.0,1.0,False,False
,,,Skënderbeu,Dinamo Zagreb,2–6,2.0,6.0,False,False
,,,Celtic,Malmö FF,3–4,3.0,4.0,False,False
,,,Basel,Maccabi Tel Aviv,3–3 (a),3.0,3.0,False,False
,,,BATE Borisov,Partizan,2–2 (a),2.0,2.0,False,False
,,,Lazio,Bayer Leverkusen,1–3,1.0,3.0,False,False
,,,Manchester United,Club Brugge,7–1,7.0,1.0,False,False
,,,Sporting CP,CSKA Moscow,3–4,3.0,4.0,False,False
,,,Rapid Wien,Shakhtar Donetsk,2–3,2.0,3.0,False,False
,,,Valencia,Monaco,4–3,4.0,3.0,False,False
,,,Gent,VfL Wolfsburg,2–4,2.0,4.0,False,False
,,,Roma,Real Madrid,0–4,0.0,4.0,False,False
,,,Paris Saint-Germain,Chelsea,4–2,4.0,2.0,False,False
,,,Arsenal,Barcelona,1–5,1.0,5.0,False,False
,,,Juventus,Bayern Munich,4–6,4.0,6.0,False,False
,,,PSV Eindhoven,Atlético Madrid,0–0 (7–8 p),0.0,0.0,False,False
,,,Benfica,Zenit Saint Petersburg,3–1,3.0,1.0,False,False
,,,Dynamo Kyiv,Manchester City,1–3,1.0,3.0,False,False
,,,VfL Wolfsburg,Real Madrid,2–3,2.0,3.0,False,False
,,,Bayern Munich,Benfica,3–2,3.0,2.0,False,False
,,,Barcelona,Atlético Madrid,2–3,2.0,3.0,False,False
,,,Paris Saint-Germain,Manchester City,2–3,2.0,3.0,False,False
,,,Manchester City,Real Madrid,0–1,0.0,1.0,False,False
,,,Atlético Madrid,Bayern Munich,2–2 (a),2.0,2.0,False,False
,,,Flora,Lincoln Red Imps,2–3,2.0,3.0,False,False
,,,The New Saints,Tre Penne,5–1,5.0,1.0,False,False
,,,Valletta,B36,2–2 (a),2.0,2.0,False,False
,,,FC Santa Coloma,Alashkert,0–3,0.0,3.0,False,False
,,,Qarabağ,F91 Dudelange,3–1,3.0,1.0,False,False
,,,Hapoel Be'er Sheva,Sheriff Tiraspol,3–2,3.0,2.0,False,False
,,,Olimpija Ljubljana,Trenčín,6–6 (a),6.0,6.0,False,False
,,,Red Bull Salzburg,Liepāja,3–0,3.0,0.0,False,False
,,,Vardar,Dinamo Zagreb,3–5,3.0,5.0,False,False
,,,The New Saints,APOEL,0–3,0.0,3.0,False,False
,,,Zrinjski Mostar,Legia Warsaw,1–3,1.0,3.0,False,False
,,,Ludogorets Razgrad,Mladost Podgorica,5–0,5.0,0.0,False,False
,,,Dinamo Tbilisi,Alashkert,3–1,3.0,1.0,False,False
,,,Žalgiris,Astana,1–2,1.0,2.0,False,False
,,,Partizani,Ferencváros,2–2 (3–1 p),2.0,2.0,False,False
,,,BATE Borisov,SJK,4–2,4.0,2.0,False,False
,,,Valletta,Red Star Belgrade,2–4,2.0,4.0,False,False
,,,Rosenborg,IFK Norrköping,5–4,5.0,4.0,False,False
,,,Dundalk,FH,3–3 (a),3.0,3.0,False,False
,,,Lincoln Red Imps,Celtic,1–3,1.0,3.0,False,False
,,,Crusaders,Copenhagen,0–9,0.0,9.0,False,False
,,,Rosenborg,APOEL,2–4,2.0,4.0,False,False
,,,Dinamo Zagreb,Dinamo Tbilisi,3–0,3.0,0.0,False,False
,,,Olympiacos,Hapoel Be'er Sheva,0–1,0.0,1.0,False,False
,,,Astana,Celtic,2–3,2.0,3.0,False,False
,,,Trenčín,Legia Warsaw,0–1,0.0,1.0,False,False
,,,Viktoria Plzeň,Qarabağ,1–1 (a),1.0,1.0,False,False
,,,Astra Giurgiu,Copenhagen,1–4,1.0,4.0,False,False
,,,BATE Borisov,Dundalk,1–3,1.0,3.0,False,False
,,,Ludogorets Razgrad,Red Star Belgrade,6–4,6.0,4.0,False,False
,,,Partizani,Red Bull Salzburg,0–3,0.0,3.0,False,False
,,,Ajax,PAOK,3–2,3.0,2.0,False,False
,,,Sparta Prague,Steaua București,1–3,1.0,3.0,False,False
,,,Shakhtar Donetsk,Young Boys,2–2 (2–4 p),2.0,2.0,False,False
,,,Rostov,Anderlecht,4–2,4.0,2.0,False,False
,,,Fenerbahçe,Monaco,3–4,3.0,4.0,False,False
,,,Ludogorets Razgrad,Viktoria Plzeň,4–2,4.0,2.0,False,False
,,,Celtic,Hapoel Be'er Sheva,5–4,5.0,4.0,False,False
,,,Copenhagen,APOEL,2–1,2.0,1.0,False,False
,,,Dundalk,Legia Warsaw,1–3,1.0,3.0,False,False
,,,Dinamo Zagreb,Red Bull Salzburg,3–2,3.0,2.0,False,False
,,,Steaua București,Manchester City,0–6,0.0,6.0,False,False
,,,Porto,Roma,4–1,4.0,1.0,False,False
,,,Ajax,Rostov,2–5,2.0,5.0,False,False
,,,Young Boys,Borussia Mönchengladbach,2–9,2.0,9.0,False,False
,,,Villarreal,Monaco,1–3,1.0,3.0,False,False
,,,Manchester City,Monaco,6–6 (a),6.0,6.0,False,False
,,,Real Madrid,Napoli,6–2,6.0,2.0,False,False
,,,Benfica,Borussia Dortmund,1–4,1.0,4.0,False,False
,,,Bayern Munich,Arsenal,10–2,10.0,2.0,False,False
,,,Porto,Juventus,0–3,0.0,3.0,False,False
,,,Bayer Leverkusen,Atlético Madrid,2–4,2.0,4.0,False,False
,,,Paris Saint-Germain,Barcelona,5–6,5.0,6.0,False,False
,,,Sevilla,Leicester City,2–3,2.0,3.0,False,False
,,,Atlético Madrid,Leicester City,2–1,2.0,1.0,False,False
,,,Borussia Dortmund,Monaco,3–6,3.0,6.0,False,False
,,,Bayern Munich,Real Madrid,3–6,3.0,6.0,False,False
,,,Juventus,Barcelona,3–0,3.0,0.0,False,False
,,,Real Madrid,Atlético Madrid,4–2,4.0,2.0,False,False
,,,Monaco,Juventus,1–4,1.0,4.0,False,False
,,,Víkingur Gøta,Trepça '89,6–2,6.0,2.0,False,False
,,,Hibernians,FCI Tallinn,3–0,3.0,0.0,False,False
,,,Alashkert,FC Santa Coloma,2–1,2.0,1.0,False,False
,,,The New Saints,Europa,4–3,4.0,3.0,False,False
,,,Linfield,La Fiorita,1–0,1.0,0.0,False,False
,,,APOEL,F91 Dudelange,2–0,2.0,0.0,False,False
,,,Žalgiris,Ludogorets Razgrad,3–5,3.0,5.0,False,False
,,,Qarabağ,Samtredia,6–0,6.0,0.0,False,False
,,,Partizan,Budućnost Podgorica,2–0,2.0,0.0,False,False
,,,Hibernians,Red Bull Salzburg,0–6,0.0,6.0,False,False
,,,Sheriff Tiraspol,Kukësi,2–2 (a),2.0,2.0,False,False
,,,BATE Borisov,Alashkert,4–2,4.0,2.0,False,False
,,,Žilina,Copenhagen,3–4,3.0,4.0,False,False
,,,Hapoel Be'er Sheva,Honvéd,5–3,5.0,3.0,False,False
,,,Rijeka,The New Saints,7–1,7.0,1.0,False,False
,,,Malmö FF,Vardar,2–4,2.0,4.0,False,False
,,,Zrinjski Mostar,Maribor,2–3,2.0,3.0,False,False
,,,Dundalk,Rosenborg,2–3,2.0,3.0,False,False
,,,FH,Víkingur Gøta,3–1,3.0,1.0,False,False
,,,Linfield,Celtic,0–6,0.0,6.0,False,False
,,,Mariehamn,Legia Warsaw,0–9,0.0,9.0,False,False
,,,Slavia Prague,BATE Borisov,2–2 (a),2.0,2.0,False,False
,,,Astana,Legia Warsaw,3–2,3.0,2.0,False,False
,,,Maribor,FH,2–0,2.0,0.0,False,False
,,,Celtic,Rosenborg,1–0,1.0,0.0,False,False
,,,Hapoel Be'er Sheva,Ludogorets Razgrad,3–3 (a),3.0,3.0,False,False
,,,Viitorul Constanța,APOEL,1–4,1.0,4.0,False,False
,,,Red Bull Salzburg,Rijeka,1–1 (a),1.0,1.0,False,False
,,,Qarabağ,Sheriff Tiraspol,2–1,2.0,1.0,False,False
,,,Partizan,Olympiacos,3–5,3.0,5.0,False,False
,,,FCSB,Viktoria Plzeň,6–3,6.0,3.0,False,False
,,,Nice,Ajax,3–3 (a),3.0,3.0,False,False
,,,Dynamo Kyiv,Young Boys,3–3 (a),3.0,3.0,False,False
,,,AEK Athens,CSKA Moscow,0–3,0.0,3.0,False,False
,,,Club Brugge,İstanbul Başakşehir,3–5,3.0,5.0,False,False
,,,Qarabağ,Copenhagen,2–2 (a),2.0,2.0,False,False
,,,APOEL,Slavia Prague,2–0,2.0,0.0,False,False
,,,Olympiacos,Rijeka,3–1,3.0,1.0,False,False
,,,Celtic,Astana,8–4,8.0,4.0,False,False
,,,Hapoel Be'er Sheva,Maribor,2–2 (a),2.0,2.0,False,False
,,,İstanbul Başakşehir,Sevilla,3–4,3.0,4.0,False,False
,,,Young Boys,CSKA Moscow,0–3,0.0,3.0,False,False
,,,Napoli,Nice,4–0,4.0,0.0,False,False
,,,TSG Hoffenheim,Liverpool,3–6,3.0,6.0,False,False
,,,Sporting CP,FCSB,5–1,5.0,1.0,False,False
,,,Juventus,Tottenham Hotspur,4–3,4.0,3.0,False,False
,,,Basel,Manchester City,2–5,2.0,5.0,False,False
,,,Porto,Liverpool,0–5,0.0,5.0,False,False
,,,Sevilla,Manchester United,2–1,2.0,1.0,False,False
,,,Real Madrid,Paris Saint-Germain,5–2,5.0,2.0,False,False
,,,Shakhtar Donetsk,Roma,2–2 (a),2.0,2.0,False,False
,,,Chelsea,Barcelona,1–4,1.0,4.0,False,False
,,,Bayern Munich,Beşiktaş,8–1,8.0,1.0,False,False
,,,Barcelona,Roma,4–4 (a),4.0,4.0,False,False
,,,Sevilla,Bayern Munich,1–2,1.0,2.0,False,False
,,,Juventus,Real Madrid,3–4,3.0,4.0,False,False
,,,Liverpool,Manchester City,5–1,5.0,1.0,False,False
,,,Bayern Munich,Real Madrid,3–4,3.0,4.0,False,False
,,,Liverpool,Roma,7–6,7.0,6.0,False,False
,,,FC Santa Coloma,Drita,0–2 (a.e.t.),0.0,2.0,True,False
,,,La Fiorita,Lincoln Red Imps,0–2,0.0,2.0,False,False
,,,Lincoln Red Imps,Drita,1–4 (a.e.t.),1.0,4.0,True,False
,,,Torpedo Kutaisi,Sheriff Tiraspol,2–4,2.0,4.0,False,False
,,,Shkëndija,The New Saints,5–4,5.0,4.0,False,False
,,,Sūduva,APOEL,3–2,3.0,2.0,False,False
,,,Olimpija Ljubljana,Qarabağ,0–1,0.0,1.0,False,False
,,,F91 Dudelange,Vidi,2–3,2.0,3.0,False,False
,,,Drita,Malmö FF,0–5,0.0,5.0,False,False
,,,Ludogorets Razgrad,Crusaders,9–0,9.0,0.0,False,False
,,,Valur,Rosenborg,2–3,2.0,3.0,False,False
,,,Kukësi,Valletta,1–1 (a),1.0,1.0,False,False
,,,Flora,Hapoel Be'er Sheva,2–7,2.0,7.0,False,False
,,,Spartaks Jūrmala,Red Star Belgrade,0–2,0.0,2.0,False,False
,,,Alashkert,Celtic,0–6,0.0,6.0,False,False
,,,Spartak Trnava,Zrinjski Mostar,2–1,2.0,1.0,False,False
,,,Astana,Sutjeska,3–0,3.0,0.0,False,False
,,,Astana,Midtjylland,2–1,2.0,1.0,False,False
,,,Ludogorets Razgrad,Vidi,0–1,0.0,1.0,False,False
,,,Kukësi,Qarabağ,0–3,0.0,3.0,False,False
,,,CFR Cluj,Malmö FF,1–2,1.0,2.0,False,False
,,,Dinamo Zagreb,Hapoel Be'er Sheva,7–2,7.0,2.0,False,False
,,,Red Star Belgrade,Sūduva,5–0,5.0,0.0,False,False
,,,BATE Borisov,HJK,2–1,2.0,1.0,False,False
,,,Shkëndija,Sheriff Tiraspol,1–0,1.0,0.0,False,False
,,,Legia Warsaw,Spartak Trnava,1–2,1.0,2.0,False,False
,,,Celtic,Rosenborg,3–1,3.0,1.0,False,False
,,,PAOK,Basel,5–1,5.0,1.0,False,False
,,,Ajax,Sturm Graz,5–1,5.0,1.0,False,False
,,,Celtic,AEK Athens,2–3,2.0,3.0,False,False
,,,Red Bull Salzburg,Shkëndija,4–0,4.0,0.0,False,False
,,,Red Star Belgrade,Spartak Trnava,3–2,3.0,2.0,False,False
,,,Qarabağ,BATE Borisov,1–2,1.0,2.0,False,False
,,,Astana,Dinamo Zagreb,0–3,0.0,3.0,False,False
,,,Malmö FF,Vidi,1–1 (a),1.0,1.0,False,False
,,,Standard Liège,Ajax,2–5,2.0,5.0,False,False
,,,Benfica,Fenerbahçe,2–1,2.0,1.0,False,False
,,,Slavia Prague,Dynamo Kyiv,1–3,1.0,3.0,False,False
,,,PAOK,Spartak Moscow,3–2,3.0,2.0,False,False
,,,Red Star Belgrade,Red Bull Salzburg,2–2 (a),2.0,2.0,False,False
,,,BATE Borisov,PSV Eindhoven,2–6,2.0,6.0,False,False
,,,Young Boys,Dinamo Zagreb,3–2,3.0,2.0,False,False
,,,Vidi,AEK Athens,2–3,2.0,3.0,False,False
,,,Benfica,PAOK,5–2,5.0,2.0,False,False
,,,Ajax,Dynamo Kyiv,3–1,3.0,1.0,False,False
,,,Schalke 04,Manchester City,2–10,2.0,10.0,False,False
,,,Atlético Madrid,Juventus,2–3,2.0,3.0,False,False
,,,Manchester United,Paris Saint-Germain,3–3 (a),3.0,3.0,False,False
,,,Tottenham Hotspur,Borussia Dortmund,4–0,4.0,0.0,False,False
,,,Lyon,Barcelona,1–5,1.0,5.0,False,False
,,,Roma,Porto,3–4,3.0,4.0,False,False
,,,Ajax,Real Madrid,5–3,5.0,3.0,False,False
,,,Liverpool,Bayern Munich,3–1,3.0,1.0,False,False
,,,Ajax,Juventus,3–2,3.0,2.0,False,False
,,,Liverpool,Porto,6–1,6.0,1.0,False,False
,,,Tottenham Hotspur,Manchester City,4–4 (a),4.0,4.0,False,False
,,,Tottenham Hotspur,Ajax,3–3 (a),3.0,3.0,False,False
,,,Barcelona,Liverpool,3–4,3.0,4.0,False,False
,,,Feronikeli,Lincoln Red Imps,1–0,1.0,0.0,False,False
,,,Tre Penne,FC Santa Coloma,0–1,0.0,1.0,False,False
,,,Feronikeli,FC Santa Coloma,2–1,2.0,1.0,False,False
,,,Nõmme Kalju,Shkëndija,2–2 (a),2.0,2.0,False,False
,,,Sūduva,Red Star Belgrade,1–2,1.0,2.0,False,False
,,,Ararat-Armenia,AIK,3–4,3.0,4.0,False,False
,,,Astana,CFR Cluj,2–3,2.0,3.0,False,False
,,,Partizani,Qarabağ,0–2,0.0,2.0,False,False
,,,Slovan Bratislava,Sutjeska,2–2 (2–3 p),2.0,2.0,False,False
,,,Sheriff Tiraspol,Saburtalo Tbilisi,3–4,3.0,4.0,False,False
,,,F91 Dudelange,Valletta,3–3 (a),3.0,3.0,False,False
,,,Linfield,Rosenborg,0–6,0.0,6.0,False,False
,,,Valur,Maribor,0–5,0.0,5.0,False,False
,,,Dundalk,Riga,0–0 (5–4 p),0.0,0.0,False,False
,,,The New Saints,Feronikeli,3–2,3.0,2.0,False,False
,,,HJK,HB,5–2,5.0,2.0,False,False
,,,BATE Borisov,Piast Gliwice,3–2,3.0,2.0,False,False
,,,CFR Cluj,Maccabi Tel Aviv,3–2,3.0,2.0,False,False
,,,BATE Borisov,Rosenborg,2–3,2.0,3.0,False,False
,,,The New Saints,Copenhagen,0–3,0.0,3.0,False,False
,,,Ferencváros,Valletta,4–2,4.0,2.0,False,False
,,,Dundalk,Qarabağ,1–4,1.0,4.0,False,False
,,,Saburtalo Tbilisi,Dinamo Zagreb,0–5,0.0,5.0,False,False
,,,Celtic,Nõmme Kalju,7–0,7.0,0.0,False,False
,,,Red Star Belgrade,HJK,3–2,3.0,2.0,False,False
,,,Sutjeska,APOEL,0–4,0.0,4.0,False,False
,,,Maribor,AIK,4–4 (a),4.0,4.0,False,False
,,,Viktoria Plzeň,Olympiacos,0–4,0.0,4.0,False,False
,,,PSV Eindhoven,Basel,4–4 (a),4.0,4.0,False,False
,,,CFR Cluj,Celtic,5–4,5.0,4.0,False,False
,,,APOEL,Qarabağ,3–2,3.0,2.0,False,False
,,,PAOK,Ajax,4–5,4.0,5.0,False,False
,,,Dinamo Zagreb,Ferencváros,5–1,5.0,1.0,False,False
,,,Red Star Belgrade,Copenhagen,2–2 (7–6 p),2.0,2.0,False,False
,,,Maribor,Rosenborg,2–6,2.0,6.0,False,False
,,,İstanbul Başakşehir,Olympiacos,0–3,0.0,3.0,False,False
,,,Krasnodar,Porto,3–3 (a),3.0,3.0,False,False
,,,Club Brugge,Dynamo Kyiv,4–3,4.0,3.0,False,False
,,,Basel,LASK,2–5,2.0,5.0,False,False
,,,Dinamo Zagreb,Rosenborg,3–1,3.0,1.0,False,False
,,,CFR Cluj,Slavia Prague,0–2,0.0,2.0,False,False
,,,Young Boys,Red Star Belgrade,3–3 (a),3.0,3.0,False,False
,,,APOEL,Ajax,0–2,0.0,2.0,False,False
,,,LASK,Club Brugge,1–3,1.0,3.0,False,False
,,,Olympiacos,Krasnodar,6–1,6.0,1.0,False,False
,,,Borussia Dortmund,Paris Saint-Germain,2–3,2.0,3.0,False,False
,,,Real Madrid,Manchester City,2–4,2.0,4.0,False,False
,,,Atalanta,Valencia,8–4,8.0,4.0,False,False
,,,Atlético Madrid,Liverpool,4–2,4.0,2.0,False,False
,,,Chelsea,Bayern Munich,1–7,1.0,7.0,False,False
,,,Lyon,Juventus,2–2 (a),2.0,2.0,False,False
,,,Tottenham Hotspur,RB Leipzig,0–4,0.0,4.0,False,False
,,,Napoli,Barcelona,2–4,2.0,4.0,False,False
,,,Manchester City,Lyon,1–3,1.0,3.0,False,False
,,,RB Leipzig,Atlético Madrid,2–1,2.0,1.0,False,False
,,,Barcelona,Bayern Munich,2–8,2.0,8.0,False,False
,,,Atalanta,Paris Saint-Germain,1–2,1.0,2.0,False,False
,,,Lyon,Bayern Munich,0–3,0.0,3.0,False,False
,,,RB Leipzig,Paris Saint-Germain,0–3,0.0,3.0,False,False
,,,Tre Fiori,Linfield,0–2,0.0,2.0,False,False
,,,Drita,Inter Club d'Escaldes,2–1,2.0,1.0,False,False
,,,Ferencváros,Djurgårdens IF,2–0,2.0,0.0,False,False
,,,Celtic,KR,6–0,6.0,0.0,False,False
,,,Legia Warsaw,Linfield,1–0,1.0,0.0,False,False
,,,Sheriff Tiraspol,Fola Esch,2–0,2.0,0.0,False,False
,,,Connah's Quay Nomads,Sarajevo,0–2,0.0,2.0,False,False
,,,Red Star Belgrade,Europa,5–0,5.0,0.0,False,False
,,,Budućnost Podgorica,Ludogorets Razgrad,1–3,1.0,3.0,False,False
,,,Ararat-Armenia,Omonia,0–1 (a.e.t.),0.0,1.0,True,False
,,,Floriana,CFR Cluj,0–2,0.0,2.0,False,False
,,,Maccabi Tel Aviv,Riga,2–0,2.0,0.0,False,False
,,,Qarabağ,Sileks,4–0,4.0,0.0,False,False
,,,Dinamo Tbilisi,Tirana,0–2,0.0,2.0,False,False
,,,Dynamo Brest,Astana,6–3,6.0,3.0,False,False
,,,Molde,KuPS,5–0,5.0,0.0,False,False
,,,Flora,Sūduva,1–1 (a.e.t.) (2–4 p),1.0,1.0,True,False
,,,Celje,Dundalk,3–0,3.0,0.0,False,False
,,,CFR Cluj,Dinamo Zagreb,2–2 (a.e.t.) (5–6 p),2.0,2.0,True,False
,,,Young Boys,KÍ,3–1,3.0,1.0,False,False
,,,Celtic,Ferencváros,1–2,1.0,2.0,False,False
,,,Sūduva,Maccabi Tel Aviv,0–3,0.0,3.0,False,False
,,,Legia Warsaw,Omonia,0–2 (a.e.t.),0.0,2.0,True,False
,,,Celje,Molde,1–2,1.0,2.0,False,False
,,,Ludogorets Razgrad,Midtjylland,0–1,0.0,1.0,False,False
,,,Dynamo Brest,Sarajevo,2–1,2.0,1.0,False,False
,,,Qarabağ,Sheriff Tiraspol,2–1,2.0,1.0,False,False
,,,Tirana,Red Star Belgrade,0–1,0.0,1.0,False,False
,,,AZ,Viktoria Plzeň,3–1 (a.e.t.),3.0,1.0,True,False
,,,PAOK,Beşiktaş,3–1,3.0,1.0,False,False
,,,Lokomotiva Zagreb,Rapid Wien,0–1,0.0,1.0,False,False
,,,Ferencváros,Dinamo Zagreb,2–1,2.0,1.0,False,False
,,,Qarabağ,Molde,0–0 (a.e.t.) (5–6 p),0.0,0.0,True,False
,,,Omonia,Red Star Belgrade,1–1 (a.e.t.) (4–2 p),1.0,1.0,True,False
,,,Midtjylland,Young Boys,3–0,3.0,0.0,False,False
,,,Maccabi Tel Aviv,Dynamo Brest,1–0,1.0,0.0,False,False
,,,PAOK,Benfica,2–1,2.0,1.0,False,False
,,,Dynamo Kyiv,AZ,2–0,2.0,0.0,False,False
,,,Gent,Rapid Wien,2–1,2.0,1.0,False,False
,,,Slavia Prague,Midtjylland,1–4,1.0,4.0,False,False
,,,Maccabi Tel Aviv,Red Bull Salzburg,2–5,2.0,5.0,False,False
,,,Olympiacos,Omonia,2–0,2.0,0.0,False,False
,,,Molde,Ferencváros,3–3 (a),3.0,3.0,False,False
,,,Krasnodar,PAOK,4–2,4.0,2.0,False,False
,,,Gent,Dynamo Kyiv,1–5,1.0,5.0,False,False
,,,Borussia Mönchengladbach,Manchester City,0–4,0.0,4.0,False,False
,,,Lazio,Bayern Munich,2–6,2.0,6.0,False,False
,,,Atlético Madrid,Chelsea,0–3,0.0,3.0,False,False
,,,RB Leipzig,Liverpool,0–4,0.0,4.0,False,False
,,,Porto,Juventus,4–4 (a),4.0,4.0,False,False
,,,Barcelona,Paris Saint-Germain,2–5,2.0,5.0,False,False
,,,Sevilla,Borussia Dortmund,4–5,4.0,5.0,False,False
,,,Atalanta,Real Madrid,1–4,1.0,4.0,False,False
,,,Manchester City,Borussia Dortmund,4–2,4.0,2.0,False,False
,,,Porto,Chelsea,1–2,1.0,2.0,False,False
,,,Bayern Munich,Paris Saint-Germain,3–3 (a),3.0,3.0,False,False
,,,Real Madrid,Liverpool,3–1,3.0,1.0,False,False
,,,Paris Saint-Germain,Manchester City,1–4,1.0,4.0,False,False
,,,Real Madrid,Chelsea,1–3,1.0,3.0,False,False
,,,Folgore,Prishtina,0–2,0.0,2.0,False,False
,,,HB,Inter Club d'Escaldes,0–1,0.0,1.0,False,False
,,,Prishtina,Inter Club d'Escaldes,2–0,2.0,0.0,False,False
,,,Fola Esch,Lincoln Red Imps,2–7,2.0,7.0,False,False
,,,Malmö FF,Riga,2–1,2.0,1.0,False,False
,,,Bodø/Glimt,Legia Warsaw,2–5,2.0,5.0,False,False
,,,Connah's Quay Nomads,Alashkert,2–3,2.0,3.0,False,False
,,,HJK,Budućnost Podgorica,7–1,7.0,1.0,False,False
,,,CFR Cluj,Borac Banja Luka,4–3,4.0,3.0,False,False
,,,Shkëndija,Mura,0–6,0.0,6.0,False,False
,,,Teuta,Sheriff Tiraspol,0–5,0.0,5.0,False,False
,,,Dinamo Tbilisi,Neftçi,2–4,2.0,4.0,False,False
,,,Maccabi Haifa,Kairat,1–3,1.0,3.0,False,False
,,,Ludogorets Razgrad,Shakhtyor Soligorsk,2–0,2.0,0.0,False,False
,,,Ferencváros,Prishtina,6–1,6.0,1.0,False,False
,,,Žalgiris,Linfield,5–2,5.0,2.0,False,False
,,,Flora,Hibernians,5–0,5.0,0.0,False,False
,,,Dinamo Zagreb,Valur,5–2,5.0,2.0,False,False
,,,Dinamo Zagreb,Omonia,3–0,3.0,0.0,False,False
,,,Slovan Bratislava,Young Boys,2–3,2.0,3.0,False,False
,,,Legia Warsaw,Flora,3–1,3.0,1.0,False,False
,,,Alashkert,Sheriff Tiraspol,1–4,1.0,4.0,False,False
,,,Olympiacos,Neftçi,2–0,2.0,0.0,False,False
,,,Kairat,Red Star Belgrade,2–6,2.0,6.0,False,False
,,,Lincoln Red Imps,CFR Cluj,1–4,1.0,4.0,False,False
,,,Malmö FF,HJK,4–3,4.0,3.0,False,False
,,,Ferencváros,Žalgiris,5–1,5.0,1.0,False,False
,,,Mura,Ludogorets Razgrad,1–3,1.0,3.0,False,False
,,,Rapid Wien,Sparta Prague,2–3,2.0,3.0,False,False
,,,Celtic,Midtjylland,2–3,2.0,3.0,False,False
,,,PSV Eindhoven,Galatasaray,7–2,7.0,2.0,False,False
,,,Dinamo Zagreb,Legia Warsaw,2–1,2.0,1.0,False,False
,,,CFR Cluj,Young Boys,2–4,2.0,4.0,False,False
,,,Olympiacos,Ludogorets Razgrad,3–3 (1–4 p),3.0,3.0,False,False
,,,Red Star Belgrade,Sheriff Tiraspol,1–2,1.0,2.0,False,False
,,,Malmö FF,Rangers,4–2,4.0,2.0,False,False
,,,Ferencváros,Slavia Prague,2–1,2.0,1.0,False,False
,,,PSV Eindhoven,Midtjylland,4–0,4.0,0.0,False,False
,,,Spartak Moscow,Benfica,0–4,0.0,4.0,False,False
,,,Genk,Shakhtar Donetsk,2–4,2.0,4.0,False,False
,,,Sparta Prague,Monaco,1–5,1.0,5.0,False,False
,,,Red Bull Salzburg,Brøndby,4–2,4.0,2.0,False,False
,,,Young Boys,Ferencváros,6–4,6.0,4.0,False,False
,,,Malmö FF,Ludogorets Razgrad,3–2,3.0,2.0,False,False
,,,Sheriff Tiraspol,Dinamo Zagreb,3–0,3.0,0.0,False,False
,,,Monaco,Shakhtar Donetsk,2–3,2.0,3.0,False,False
,,,Benfica,PSV Eindhoven,2–1,2.0,1.0,False,False
,,,Red Bull Salzburg,Bayern Munich,2–8,2.0,8.0,False,False
,,,Sporting CP,Manchester City,0–5,0.0,5.0,False,False
,,,Benfica,Ajax,3–2,3.0,2.0,False,False
,,,Chelsea,Lille,4–1,4.0,1.0,False,False
,,,Atlético Madrid,Manchester United,2–1,2.0,1.0,False,False
,,,Villarreal,Juventus,4–1,4.0,1.0,False,False
,,,Inter Milan,Liverpool,1–2,1.0,2.0,False,False
,,,Paris Saint-Germain,Real Madrid,2–3,2.0,3.0,False,False
,,,Chelsea,Real Madrid,4–5,4.0,5.0,False,False
,,,Manchester City,Atlético Madrid,1–0,1.0,0.0,False,False
,,,Villarreal,Bayern Munich,2–1,2.0,1.0,False,False
,,,Benfica,Liverpool,4–6,4.0,6.0,False,False
,,,Manchester City,Real Madrid,5–6,5.0,6.0,False,False
,,,Liverpool,Villarreal,5–2,5.0,2.0,False,False
,,,FCI Levadia,Víkingur Reykjavík,1–6,1.0,6.0,False,False
,,,La Fiorita,Inter Club d'Escaldes,1–2,1.0,2.0,False,False
,,,Inter Club d'Escaldes,Víkingur Reykjavík,0–1,0.0,1.0,False,False
,,,Pyunik,CFR Cluj,2–2 (4–3 p),2.0,2.0,False,False
,,,Ludogorets Razgrad,Sutjeska,3–0,3.0,0.0,False,False
,,,F91 Dudelange,Tirana,3–1,3.0,1.0,False,False
,,,Tobol,Ferencváros,1–5,1.0,5.0,False,False
,,,Malmö FF,Víkingur Reykjavík,6–5,6.0,5.0,False,False
,,,Ballkani,Žalgiris,1–2,1.0,2.0,False,False
,,,HJK,RFS,2–2 (5–4 p)[a],2.0,2.0,False,False
,,,Bodø/Glimt,KÍ,4–3,4.0,3.0,False,False
,,,The New Saints,Linfield,1–2,1.0,2.0,False,False
,,,Shamrock Rovers,Hibernians,3–0,3.0,0.0,False,False
,,,Lech Poznań,Qarabağ,2–5,2.0,5.0,False,False
,,,Shkupi,Lincoln Red Imps,3–2,3.0,2.0,False,False
,,,Zrinjski Mostar,Sheriff Tiraspol,0–1,0.0,1.0,False,False
,,,Slovan Bratislava,Dinamo Batumi,2–1,2.0,1.0,False,False
,,,Ferencváros,Slovan Bratislava,5–3,5.0,3.0,False,False
,,,Dinamo Zagreb,Shkupi,3–2,3.0,2.0,False,False
,,,Qarabağ,Zürich,5–4,5.0,4.0,False,False
,,,HJK,Viktoria Plzeň,1–7,1.0,7.0,False,False
,,,Linfield,Bodø/Glimt,1–8,1.0,8.0,False,False
,,,Žalgiris,Malmö FF,3–0,3.0,0.0,False,False
,,,Ludogorets Razgrad,Shamrock Rovers,4–2,4.0,2.0,False,False
,,,Maribor,Sheriff Tiraspol,0–1,0.0,1.0,False,False
,,,Maccabi Haifa,Olympiacos,5–1,5.0,1.0,False,False
,,,Pyunik,F91 Dudelange,4–2,4.0,2.0,False,False
,,,Midtjylland,AEK Larnaca,2–2 (4–3 p),2.0,2.0,False,False
,,,Dynamo Kyiv,Fenerbahçe,2–1,2.0,1.0,False,False
,,,Maccabi Haifa,Apollon Limassol,4–2,4.0,2.0,False,False
,,,Qarabağ,Ferencváros,4–2,4.0,2.0,False,False
,,,Ludogorets Razgrad,Dinamo Zagreb,3–6,3.0,6.0,False,False
,,,Sheriff Tiraspol,Viktoria Plzeň,2–4,2.0,4.0,False,False
,,,Bodø/Glimt,Žalgiris,6–1,6.0,1.0,False,False
,,,Red Star Belgrade,Pyunik,7–0,7.0,0.0,False,False
,,,Monaco,PSV Eindhoven,3–4,3.0,4.0,False,False
,,,Dynamo Kyiv,Sturm Graz,3–1,3.0,1.0,False,False
,,,Union Saint-Gilloise,Rangers,2–3,2.0,3.0,False,False
,,,Benfica,Midtjylland,7–2,7.0,2.0,False,False
,,,Qarabağ,Viktoria Plzeň,1–2,1.0,2.0,False,False
,,,Bodø/Glimt,Dinamo Zagreb,2–4,2.0,4.0,False,False
,,,Maccabi Haifa,Red Star Belgrade,5–4,5.0,4.0,False,False
,,,Copenhagen,Trabzonspor,2–1,2.0,1.0,False,False
,,,Dynamo Kyiv,Benfica,0–5,0.0,5.0,False,False
,,,Rangers,PSV Eindhoven,3–2,3.0,2.0,False,False
,,,RB Leipzig,Manchester City,1–8,1.0,8.0,False,False
,,,Club Brugge,Benfica,1–7,1.0,7.0,False,False
,,,Liverpool,Real Madrid,2–6,2.0,6.0,False,False
,,,Milan,Tottenham Hotspur,1–0,1.0,0.0,False,False
,,,Eintracht Frankfurt,Napoli,0–5,0.0,5.0,False,False
,,,Borussia Dortmund,Chelsea,1–2,1.0,2.0,False,False
,,,Inter Milan,Porto,1–0,1.0,0.0,False,False
,,,Paris Saint-Germain,Bayern Munich,0–3,0.0,3.0,False,False
,,,Real Madrid,Chelsea,4–0,4.0,0.0,False,False
,,,Manchester City,Bayern Munich,4–1,4.0,1.0,False,False
,,,Milan,Napoli,2–1,2.0,1.0,False,False
,,,Milan,Inter Milan,0–3,0.0,3.0,False,False
,,,Real Madrid,Manchester City,1–5,1.0,5.0,False,False
,,,Atlètic Club d'Escaldes,Budućnost Podgorica,0–3,0.0,3.0,False,False
,,,Tre Penne,Breiðablik,1–7,1.0,7.0,False,False
,,,Budućnost Podgorica,Breiðablik,0–5,0.0,5.0,False,False
,,,BK Häcken,The New Saints,5–1,5.0,1.0,False,False
,,,Ballkani,Ludogorets Razgrad,2–4,2.0,4.0,False,False
,,,Shamrock Rovers,Breiðablik,1–3,1.0,3.0,False,False
,,,Žalgiris,Struga,2–1,2.0,1.0,False,False
,,,KÍ,Ferencváros,3–0,3.0,0.0,False,False
,,,Olimpija Ljubljana,Valmiera,4–2,4.0,2.0,False,False
,,,HJK,Larne,3–2,3.0,2.0,False,False
,,,Slovan Bratislava,Swift Hesperange,3–1,3.0,1.0,False,False
,,,Farul Constanța,Sheriff Tiraspol,1–3,1.0,3.0,False,False
,,,Hamrun Spartans,Maccabi Haifa,1–6,1.0,6.0,False,False
,,,Urartu,Zrinjski Mostar,3–3 (3–4 p),3.0,3.0,False,False
,,,Partizani,BATE Borisov,1–3,1.0,3.0,False,False
,,,Astana,Dinamo Tbilisi,3–2,3.0,2.0,False,False
,,,Žalgiris,Galatasaray,2–3,2.0,3.0,False,False
,,,Ludogorets Razgrad,Olimpija Ljubljana,2–3,2.0,3.0,False,False
,,,Raków Częstochowa,Qarabağ,4–3,4.0,3.0,False,False
,,,KÍ,BK Häcken,3–3 (4–3 p),3.0,3.0,False,False
,,,HJK,Molde,1–2,1.0,2.0,False,False
,,,Breiðablik,Copenhagen,3–8,3.0,8.0,False,False
,,,Sheriff Tiraspol,Maccabi Haifa,2–4,2.0,4.0,False,False
,,,Aris Limassol,BATE Borisov,11–5,11.0,5.0,False,False
,,,Zrinjski Mostar,Slovan Bratislava,2–3,2.0,3.0,False,False
,,,Dinamo Zagreb,Astana,6–0,6.0,0.0,False,False
,,,Dnipro-1,Panathinaikos,3–5,3.0,5.0,False,False
,,,Servette,Genk,3–3 (4–1 p),3.0,3.0,False,False
,,,Raków Częstochowa,Aris Limassol,3–1,3.0,1.0,False,False
,,,Slovan Bratislava,Maccabi Haifa,2–5,2.0,5.0,False,False
,,,Olimpija Ljubljana,Galatasaray,0–4,0.0,4.0,False,False
,,,Copenhagen,Sparta Prague,3–3 (4–2 p),3.0,3.0,False,False
,,,KÍ,Molde,2–3,2.0,3.0,False,False
,,,Braga,TSC,7–1,7.0,1.0,False,False
,,,Rangers,Servette,3–2,3.0,2.0,False,False
,,,Panathinaikos,Marseille,2–2 (5–3 p),2.0,2.0,False,False
,,,PSV Eindhoven,Sturm Graz,7–2,7.0,2.0,False,False
,,,Maccabi Haifa,Young Boys,0–3,0.0,3.0,False,False
,,,Antwerp,AEK Athens,3–1,3.0,1.0,False,False
,,,Raków Częstochowa,Copenhagen,1–2,1.0,2.0,False,False
,,,Molde,Galatasaray,3–5,3.0,5.0,False,False
,,,Rangers,PSV Eindhoven,3–7,3.0,7.0,False,False
,,,Braga,Panathinaikos,3–1,3.0,1.0,False,False
,,,Porto,Arsenal,1–1 (2–4 p),1.0,1.0,False,False
,,,Napoli,Barcelona,2–4,2.0,4.0,False,False
,,,Paris Saint-Germain,Real Sociedad,4–1,4.0,1.0,False,False
,,,Inter Milan,Atlético Madrid,2–2 (2–3 p),2.0,2.0,False,False
,,,PSV Eindhoven,Borussia Dortmund,1–3,1.0,3.0,False,False
,,,Lazio,Bayern Munich,1–3,1.0,3.0,False,False
,,,Copenhagen,Manchester City,2–6,2.0,6.0,False,False
,,,RB Leipzig,Real Madrid,1–2,1.0,2.0,False,False
,,,Arsenal,Bayern Munich,2–3,2.0,3.0,False,False
,,,Atlético Madrid,Borussia Dortmund,4–5,4.0,5.0,False,False
,,,Real Madrid,Manchester City,4–4 (4–3 p),4.0,4.0,False,False
,,,Paris Saint-Germain,Barcelona,6–4,6.0,4.0,False,False
,,,Borussia Dortmund,Paris Saint-Germain,2–0,2.0,0.0,False,False
,,,Bayern Munich,Real Madrid,3–4,3.0,4.0,False,False
,,,Slovan Bratislava,Struga,6–3,6.0,3.0,False,False
,,,The New Saints,Dečić,4–1,4.0,1.0,False,False
,,,Borac Banja Luka,Egnatia,2–2 (4–1 p),2.0,2.0,False,False
,,,Hamrun Spartans,Lincoln Red Imps,1–1 (4–5 p),1.0,1.0,False,False
,,,UE Santa Coloma,Ballkani,3–3 (6–5 p)[a],3.0,3.0,False,False
,,,Flora,Celje,1–7,1.0,7.0,False,False
,,,KÍ,Differdange 03,2–0,2.0,0.0,False,False
,,,Panevėžys,HJK,4–1,4.0,1.0,False,False
,,,RFS,Larne,7–0,7.0,0.0,False,False
,,,Víkingur Reykjavík,Shamrock Rovers,1–2,1.0,2.0,False,False
,,,Virtus,FCSB,1–11,1.0,11.0,False,False
,,,Ludogorets Razgrad,Dinamo Batumi,3–2,3.0,2.0,False,False
,,,Ordabasy,Petrocub Hîncești,0–1,0.0,1.0,False,False
,,,Dinamo Minsk,Pyunik,1–0,1.0,0.0,False,False
,,,Ludogorets Razgrad,Dinamo Minsk,2–1,2.0,1.0,False,False
,,,APOEL,Petrocub Hîncești,2–1,2.0,1.0,False,False
,,,Ferencváros,The New Saints,7–1,7.0,1.0,False,False
,,,PAOK,Borac Banja Luka,4–2,4.0,2.0,False,False
,,,Bodø/Glimt,RFS,7–1,7.0,1.0,False,False
,,,Malmö FF,KÍ,6–4,6.0,4.0,False,False
,,,Shamrock Rovers,Sparta Prague,2–6,2.0,6.0,False,False
,,,UE Santa Coloma,Midtjylland,0–4,0.0,4.0,False,False
,,,Celje,Slovan Bratislava,1–6,1.0,6.0,False,False
,,,Panevėžys,Jagiellonia Białystok,1–7,1.0,7.0,False,False
,,,Lincoln Red Imps,Qarabağ,0–7,0.0,7.0,False,False
,,,FCSB,Maccabi Tel Aviv,2–1,2.0,1.0,False,False
,,,Lugano,Fenerbahçe,4–6,4.0,6.0,False,False
,,,Dynamo Kyiv,Partizan,9–2,9.0,2.0,False,False
,,,Qarabağ,Ludogorets Razgrad,8–4,8.0,4.0,False,False
,,,Slovan Bratislava,APOEL,2–0,2.0,0.0,False,False
,,,Sparta Prague,FCSB,4–3,4.0,3.0,False,False
,,,Malmö FF,PAOK,6–5,6.0,5.0,False,False
,,,Midtjylland,Ferencváros,3–1,3.0,1.0,False,False
,,,Jagiellonia Białystok,Bodø/Glimt,1–5,1.0,5.0,False,False
,,,Slavia Prague,Union Saint-Gilloise,4–1,4.0,1.0,False,False
,,,Lille,Fenerbahçe,3–2,3.0,2.0,False,False
,,,Dynamo Kyiv,Rangers,3–1,3.0,1.0,False,False
,,,Red Bull Salzburg,Twente,5–4,5.0,4.0,False,False
,,,Young Boys,Galatasaray,4–2,4.0,2.0,False,False
,,,Dinamo Zagreb,Qarabağ,5–0,5.0,0.0,False,False
,,,Midtjylland,Slovan Bratislava,3–4,3.0,4.0,False,False
,,,Bodø/Glimt,Red Star Belgrade,2–3,2.0,3.0,False,False
,,,Malmö FF,Sparta Prague,0–4,0.0,4.0,False,False
,,,Lille,Slavia Prague,3–2,3.0,2.0,False,False
,,,Dynamo Kyiv,Red Bull Salzburg,1–3,1.0,3.0,False,False
,,,Young Boys,Aston Villa,0–3,0.0,3.0,False,False
,,,Juventus,PSV Eindhoven,3–1,3.0,1.0,False,False
,,,Milan,Liverpool,1–3,1.0,3.0,False,False
,,,Bayern Munich,Dinamo Zagreb,9–2,9.0,2.0,False,False
,,,Real Madrid,VfB Stuttgart,3–1,3.0,1.0,False,False
,,,Sporting CP,Lille,2–0,2.0,0.0,False,False
,,,Sparta Prague,Red Bull Salzburg,3–0,3.0,0.0,False,False
,,,Bologna,Shakhtar Donetsk,0–0,0.0,0.0,False,False
,,,Celtic,Slovan Bratislava,5–1,5.0,1.0,False,False
,,,Club Brugge,Borussia Dortmund,0–3,0.0,3.0,False,False
,,,Manchester City,Inter Milan,0–0,0.0,0.0,False,False
,,,Paris Saint-Germain,Girona,1–0,1.0,0.0,False,False
,,,Feyenoord,Bayer Leverkusen,0–4,0.0,4.0,False,False
,,,Red Star Belgrade,Benfica,1–2,1.0,2.0,False,False
,,,Monaco,Barcelona,2–1,2.0,1.0,False,False
,,,Atalanta,Arsenal,0–0,0.0,0.0,False,False
,,,Atlético Madrid,RB Leipzig,2–1,2.0,1.0,False,False
,,,Brest,Sturm Graz,2–1,2.0,1.0,False,False
,,,Red Bull Salzburg,Brest,0–4,0.0,4.0,False,False
,,,VfB Stuttgart,Sparta Prague,1–1,1.0,1.0,False,False
,,,Arsenal,Paris Saint-Germain,2–0,2.0,0.0,False,False
,,,Bayer Leverkusen,Milan,1–0,1.0,0.0,False,False
,,,Borussia Dortmund,Celtic,7–1,7.0,1.0,False,False
,,,Barcelona,Young Boys,5–0,5.0,0.0,False,False
,,,Inter Milan,Red Star Belgrade,4–0,4.0,0.0,False,False
,,,PSV Eindhoven,Sporting CP,1–1,1.0,1.0,False,False
,,,Slovan Bratislava,Manchester City,0–4,0.0,4.0,False,False
,,,Shakhtar Donetsk,Atalanta,0–3,0.0,3.0,False,False
,,,Girona,Feyenoord,2–3,2.0,3.0,False,False
,,,Aston Villa,Bayern Munich,1–0,1.0,0.0,False,False
,,,Dinamo Zagreb,Monaco,2–2,2.0,2.0,False,False
,,,Liverpool,Bologna,2–0,2.0,0.0,False,False
,,,Lille,Real Madrid,1–0,1.0,0.0,False,False
,,,RB Leipzig,Juventus,2–3,2.0,3.0,False,False
,,,Sturm Graz,Club Brugge,0–1,0.0,1.0,False,False
,,,Benfica,Atlético Madrid,4–0,4.0,0.0,False,False
,,,Milan,Club Brugge,3–1,3.0,1.0,False,False
,,,Monaco,Red Star Belgrade,5–1,5.0,1.0,False,False
,,,Arsenal,Shakhtar Donetsk,1–0,1.0,0.0,False,False
,,,Aston Villa,Bologna,2–0,2.0,0.0,False,False
,,,Girona,Slovan Bratislava,2–0,2.0,0.0,False,False
,,,Juventus,VfB Stuttgart,0–1,0.0,1.0,False,False
,,,Paris Saint-Germain,PSV Eindhoven,1–1,1.0,1.0,False,False
,,,Real Madrid,Borussia Dortmund,5–2,5.0,2.0,False,False
,,,Sturm Graz,Sporting CP,0–2,0.0,2.0,False,False
,,,Atalanta,Celtic,0–0,0.0,0.0,False,False
,,,Brest,Bayer Leverkusen,1–1,1.0,1.0,False,False
,,,Atlético Madrid,Lille,1–3,1.0,3.0,False,False
,,,Young Boys,Inter Milan,0–1,0.0,1.0,False,False
,,,Barcelona,Bayern Munich,4–1,4.0,1.0,False,False
,,,Red Bull Salzburg,Dinamo Zagreb,0–2,0.0,2.0,False,False
,,,Manchester City,Sparta Prague,5–0,5.0,0.0,False,False
,,,RB Leipzig,Liverpool,0–1,0.0,1.0,False,False
,,,Benfica,Feyenoord,1–3,1.0,3.0,False,False
,,,PSV Eindhoven,Girona,4–0,4.0,0.0,False,False
,,,Slovan Bratislava,Dinamo Zagreb,1–4,1.0,4.0,False,False
,,,Bologna,Monaco,0–1,0.0,1.0,False,False
,,,Borussia Dortmund,Sturm Graz,1–0,1.0,0.0,False,False
,,,Celtic,RB Leipzig,3–1,3.0,1.0,False,False
,,,Liverpool,Bayer Leverkusen,4–0,4.0,0.0,False,False
,,,Lille,Juventus,1–1,1.0,1.0,False,False
,,,Real Madrid,Milan,1–3,1.0,3.0,False,False
,,,Sporting CP,Manchester City,4–1,4.0,1.0,False,False
,,,Club Brugge,Aston Villa,1–0,1.0,0.0,False,False
,,,Shakhtar Donetsk,Young Boys,2–1,2.0,1.0,False,False
,,,Sparta Prague,Brest,1–2,1.0,2.0,False,False
,,,Inter Milan,Arsenal,1–0,1.0,0.0,False,False
,,,Feyenoord,Red Bull Salzburg,1–3,1.0,3.0,False,False
,,,Red Star Belgrade,Barcelona,2–5,2.0,5.0,False,False
,,,Paris Saint-Germain,Atlético Madrid,1–2,1.0,2.0,False,False
,,,VfB Stuttgart,Atalanta,0–2,0.0,2.0,False,False
,,,Bayern Munich,Benfica,1–0,1.0,0.0,False,False
,,,Sparta Prague,Atlético Madrid,0–6,0.0,6.0,False,False
,,,Slovan Bratislava,Milan,2–3,2.0,3.0,False,False
,,,Bayer Leverkusen,Red Bull Salzburg,5–0,5.0,0.0,False,False
,,,Young Boys,Atalanta,1–6,1.0,6.0,False,False
,,,Barcelona,Brest,3–0,3.0,0.0,False,False
,,,Bayern Munich,Paris Saint-Germain,1–0,1.0,0.0,False,False
,,,Inter Milan,RB Leipzig,1–0,1.0,0.0,False,False
,,,Manchester City,Feyenoord,3–3,3.0,3.0,False,False
,,,Sporting CP,Arsenal,1–5,1.0,5.0,False,False
,,,Red Star Belgrade,VfB Stuttgart,5–1,5.0,1.0,False,False
,,,Sturm Graz,Girona,1–0,1.0,0.0,False,False
,,,Monaco,Benfica,2–3,2.0,3.0,False,False
,,,Aston Villa,Juventus,0–0,0.0,0.0,False,False
,,,Bologna,Lille,1–2,1.0,2.0,False,False
,,,Celtic,Club Brugge,1–1,1.0,1.0,False,False
,,,Dinamo Zagreb,Borussia Dortmund,0–3,0.0,3.0,False,False
,,,Liverpool,Real Madrid,2–0,2.0,0.0,False,False
,,,PSV Eindhoven,Shakhtar Donetsk,3–2,3.0,2.0,False,False
,,,Girona,Liverpool,0–1,0.0,1.0,False,False
,,,Dinamo Zagreb,Celtic,0–0,0.0,0.0,False,False
,,,Atalanta,Real Madrid,2–3,2.0,3.0,False,False
,,,Bayer Leverkusen,Inter Milan,1–0,1.0,0.0,False,False
,,,Club Brugge,Sporting CP,2–1,2.0,1.0,False,False
,,,Red Bull Salzburg,Paris Saint-Germain,0–3,0.0,3.0,False,False
,,,Shakhtar Donetsk,Bayern Munich,1–5,1.0,5.0,False,False
,,,RB Leipzig,Aston Villa,2–3,2.0,3.0,False,False
,,,Brest,PSV Eindhoven,1–0,1.0,0.0,False,False
,,,Atlético Madrid,Slovan Bratislava,3–1,3.0,1.0,False,False
,,,Lille,Sturm Graz,3–2,3.0,2.0,False,False
,,,Milan,Red Star Belgrade,2–1,2.0,1.0,False,False
,,,Arsenal,Monaco,3–0,3.0,0.0,False,False
,,,Borussia Dortmund,Barcelona,2–3,2.0,3.0,False,False
,,,Feyenoord,Sparta Prague,4–2,4.0,2.0,False,False
,,,Juventus,Manchester City,2–0,2.0,0.0,False,False
,,,Benfica,Bologna,0–0,0.0,0.0,False,False
,,,VfB Stuttgart,Young Boys,5–1,5.0,1.0,False,False
,,,Monaco,Aston Villa,1–0,1.0,0.0,False,False
,,,Atalanta,Sturm Graz,5–0,5.0,0.0,False,False
,,,Atlético Madrid,Bayer Leverkusen,2–1,2.0,1.0,False,False
,,,Bologna,Borussia Dortmund,2–1,2.0,1.0,False,False
,,,Club Brugge,Juventus,0–0,0.0,0.0,False,False
,,,Red Star Belgrade,PSV Eindhoven,2–3,2.0,3.0,False,False
,,,Liverpool,Lille,2–1,2.0,1.0,False,False
,,,Slovan Bratislava,VfB Stuttgart,1–3,1.0,3.0,False,False
,,,Benfica,Barcelona,4–5,4.0,5.0,False,False
,,,Shakhtar Donetsk,Brest,2–0,2.0,0.0,False,False
,,,RB Leipzig,Sporting CP,2–1,2.0,1.0,False,False
,,,Milan,Girona,1–0,1.0,0.0,False,False
,,,Sparta Prague,Inter Milan,0–1,0.0,1.0,False,False
,,,Arsenal,Dinamo Zagreb,3–0,3.0,0.0,False,False
,,,Celtic,Young Boys,1–0,1.0,0.0,False,False
,,,Feyenoord,Bayern Munich,3–0,3.0,0.0,False,False
,,,Paris Saint-Germain,Manchester City,4–2,4.0,2.0,False,False
,,,Real Madrid,Red Bull Salzburg,5–1,5.0,1.0,False,False
,,,Aston Villa,Celtic,4–2,4.0,2.0,False,False
,,,Bayer Leverkusen,Sparta Prague,2–0,2.0,0.0,False,False
,,,Borussia Dortmund,Shakhtar Donetsk,3–1,3.0,1.0,False,False
,,,Young Boys,Red Star Belgrade,0–1,0.0,1.0,False,False
,,,Barcelona,Atalanta,2–2,2.0,2.0,False,False
,,,Bayern Munich,Slovan Bratislava,3–1,3.0,1.0,False,False
,,,Inter Milan,Monaco,3–0,3.0,0.0,False,False
,,,Red Bull Salzburg,Atlético Madrid,1–4,1.0,4.0,False,False
,,,Girona,Arsenal,1–2,1.0,2.0,False,False
,,,Dinamo Zagreb,Milan,2–1,2.0,1.0,False,False
,,,Juventus,Benfica,0–2,0.0,2.0,False,False
,,,Lille,Feyenoord,6–1,6.0,1.0,False,False
,,,Manchester City,Club Brugge,3–1,3.0,1.0,False,False
,,,PSV Eindhoven,Liverpool,3–2,3.0,2.0,False,False
,,,Sturm Graz,RB Leipzig,1–0,1.0,0.0,False,False
,,,Sporting CP,Bologna,1–1,1.0,1.0,False,False
,,,Brest,Real Madrid,0–3,0.0,3.0,False,False
,,,VfB Stuttgart,Paris Saint-Germain,1–4,1.0,4.0,False,False
,,,Brest,Paris Saint-Germain,0–10,0.0,10.0,False,False
,,,Club Brugge,Atalanta,5–2,5.0,2.0,False,False
,,,Manchester City,Real Madrid,3–6,3.0,6.0,False,False
,,,Juventus,PSV Eindhoven,3–4,3.0,4.0,False,False
,,,Monaco,Benfica,3–4,3.0,4.0,False,False
,,,Sporting CP,Borussia Dortmund,0–3,0.0,3.0,False,False
,,,Celtic,Bayern Munich,2–3,2.0,3.0,False,False
,,,Feyenoord,Milan,2–1,2.0,1.0,False,False
,,,Paris Saint-Germain,Liverpool,1–1 (4–1 p),1.0,1.0,False,False
,,,Club Brugge,Aston Villa,1–6,1.0,6.0,False,False
,,,Real Madrid,Atlético Madrid,2–2 (4–2 p),2.0,2.0,False,False
,,,PSV Eindhoven,Arsenal,3–9,3.0,9.0,False,False
,,,Benfica,Barcelona,1–4,1.0,4.0,False,False
,,,Borussia Dortmund,Lille,3–2,3.0,2.0,False,False
,,,Bayern Munich,Bayer Leverkusen,5–0,5.0,0.0,False,False
,,,Feyenoord,Inter Milan,1–4,1.0,4.0,False,False
,,,Paris Saint-Germain,Aston Villa,5–4,5.0,4.0,False,False
,,,Arsenal,Real Madrid,5–1,5.0,1.0,False,False
,,,Barcelona,Borussia Dortmund,5–3,5.0,3.0,False,False
,,,Bayern Munich,Inter Milan,3–4,3.0,4.0,False,False
,,,Arsenal,Paris Saint-Germain,1–3,1.0,3.0,False,False
,,,Barcelona,Inter Milan,6–7,6.0,7.0,False,False
,,,Žalgiris,Hamrun Spartans,2–2 (10–11 p),2.0,2.0,False,False
,,,KuPS,Milsami Orhei,1–0,1.0,0.0,False,False
,,,The New Saints,Shkëndija,1–2,1.0,2.0,False,False
,,,Iberia 1999,Malmö FF,2–6,2.0,6.0,False,False
,,,FCI Levadia,RFS,0–2,0.0,2.0,False,False
,,,Drita,Differdange 03,4–2,4.0,2.0,False,False
,,,Víkingur Gøta,Lincoln Red Imps,2–4,2.0,4.0,False,False
,,,Egnatia,Breiðablik,1–5,1.0,5.0,False,False
,,,Shelbourne,Linfield,2–1,2.0,1.0,False,False
,,,FCSB,Inter Club d'Escaldes,4–3,4.0,3.0,False,False
,,,Virtus,Zrinjski Mostar,1–4,1.0,4.0,False,False
,,,Olimpija Ljubljana,Kairat,1–3,1.0,3.0,False,False
,,,Noah,Budućnost Podgorica,3–2,3.0,2.0,False,False
,,,Ludogorets Razgrad,Dinamo Minsk,3–2,3.0,2.0,False,False
,,,RFS,Malmö FF,1–5,1.0,5.0,False,False
,,,Hamrun Spartans,Dynamo Kyiv,0–6,0.0,6.0,False,False
,,,Pafos,Maccabi Tel Aviv,2–1,2.0,1.0,False,False
,,,Lincoln Red Imps,Red Star Belgrade,1–6,1.0,6.0,False,False
,,,Noah,Ferencváros,4–6,4.0,6.0,False,False
,,,Lech Poznań,Breiðablik,8–1,8.0,1.0,False,False
,,,Copenhagen,Drita,3–0,3.0,0.0,False,False
,,,Rijeka,Ludogorets Razgrad,1–3,1.0,3.0,False,False
,,,Shkëndija,FCSB,3–1,3.0,1.0,False,False
,,,Slovan Bratislava,Zrinjski Mostar,6–2,6.0,2.0,False,False
,,,Shelbourne,Qarabağ,0–4,0.0,4.0,False,False
,,,KuPS,Kairat,2–3,2.0,3.0,False,False
,,,Brann,Red Bull Salzburg,2–5,2.0,5.0,False,False
,,,Viktoria Plzeň,Servette,3–2,3.0,2.0,False,False
,,,Rangers,Panathinaikos,3–1,3.0,1.0,False,False
,,,Malmö FF,Copenhagen,0–5,0.0,5.0,False,False
,,,Kairat,Slovan Bratislava,1–1 (4–3 p),1.0,1.0,False,False
,,,Lech Poznań,Red Star Belgrade,2–4,2.0,4.0,False,False
,,,Ludogorets Razgrad,Ferencváros,0–3,0.0,3.0,False,False
,,,Dynamo Kyiv,Pafos,0–3,0.0,3.0,False,False
,,,Shkëndija,Qarabağ,1–6,1.0,6.0,False,False
,,,Red Bull Salzburg,Club Brugge,2–4,2.0,4.0,False,False
,,,Rangers,Viktoria Plzeň,4–2,4.0,2.0,False,False
,,,Nice,Benfica,0–4,0.0,4.0,False,False
,,,Feyenoord,Fenerbahçe,4–6,4.0,6.0,False,False
,,,Ferencváros,Qarabağ,4–5,4.0,5.0,False,False
,,,Red Star Belgrade,Pafos,2–3,2.0,3.0,False,False
,,,Bodø/Glimt,Sturm Graz,6–2,6.0,2.0,False,False
,,,Celtic,Kairat,0–0 (2–3 p),0.0,0.0,False,False
,,,Basel,Copenhagen,1–3,1.0,3.0,False,False
,,,Fenerbahçe,Benfica,0–1,0.0,1.0,False,False
,,,Rangers,Club Brugge,1–9,1.0,9.0,False,False
,,,Athletic Bilbao,Arsenal,0–2,0.0,2.0,False,False
,,,PSV Eindhoven,Union Saint‑Gilloise,1–3,1.0,3.0,False,False
,,,Juventus,Borussia Dortmund,4–4,4.0,4.0,False,False
,,,Real Madrid,Marseille,2–1,2.0,1.0,False,False
,,,Benfica,Qarabağ,2–3,2.0,3.0,False,False
,,,Tottenham Hotspur,Villarreal,1–0,1.0,0.0,False,False
,,,Olympiacos,Pafos,0–0,0.0,0.0,False,False
,,,Slavia Prague,Bodø/Glimt,2–2,2.0,2.0,False,False
,,,Ajax,Inter Milan,0–2,0.0,2.0,False,False
,,,Bayern Munich,Chelsea,3–1,3.0,1.0,False,False
,,,Liverpool,Atlético Madrid,3–2,3.0,2.0,False,False
,,,Paris Saint-Germain,Atalanta,4–0,4.0,0.0,False,False
,,,Club Brugge,Monaco,4–1,4.0,1.0,False,False
,,,Copenhagen,Bayer Leverkusen,2–2,2.0,2.0,False,False
,,,Eintracht Frankfurt,Galatasaray,5–1,5.0,1.0,False,False
,,,Manchester City,Napoli,2–0,2.0,0.0,False,False
,,,Newcastle United,Barcelona,1–2,1.0,2.0,False,False
,,,Sporting CP,Kairat,4–1,4.0,1.0,False,False
,,,Atalanta,Club Brugge,2–1,2.0,1.0,False,False
,,,Kairat,Real Madrid,0–5,0.0,5.0,False,False
,,,Atlético Madrid,Eintracht Frankfurt,5–1,5.0,1.0,False,False
,,,Chelsea,Benfica,1–0,1.0,0.0,False,False
,,,Inter Milan,Slavia Prague,3–0,3.0,0.0,False,False
,,,Bodø/Glimt,Tottenham Hotspur,2–2,2.0,2.0,False,False
,,,Galatasaray,Liverpool,1–0,1.0,0.0,False,False
,,,Marseille,Ajax,4–0,4.0,0.0,False,False
,,,Pafos,Bayern Munich,1–5,1.0,5.0,False,False
,,,Qarabağ,Copenhagen,2–0,2.0,0.0,False,False
,,,Union Saint-Gilloise,Newcastle United,0–4,0.0,4.0,False,False
,,,Arsenal,Olympiacos,2–0,2.0,0.0,False,False
,,,Monaco,Manchester City,2–2,2.0,2.0,False,False
,,,Bayer Leverkusen,PSV Eindhoven,1–1,1.0,1.0,False,False
,,,Borussia Dortmund,Athletic Bilbao,4–1,4.0,1.0,False,False
,,,Barcelona,Paris Saint-Germain,1–2,1.0,2.0,False,False
,,,Napoli,Sporting CP,2–1,2.0,1.0,False,False
,,,Villarreal,Juventus,2–2,2.0,2.0,False,False
,,,Barcelona,Olympiacos,6–1,6.0,1.0,False,False
,,,Kairat,Pafos,0–0,0.0,0.0,False,False
,,,Arsenal,Atlético Madrid,4–0,4.0,0.0,False,False
,,,Bayer Leverkusen,Paris Saint‑Germain,2–7,2.0,7.0,False,False
,,,Copenhagen,Borussia Dortmund,2–4,2.0,4.0,False,False
,,,Newcastle United,Benfica,3–0,3.0,0.0,False,False
,,,PSV Eindhoven,Napoli,6–2,6.0,2.0,False,False
,,,Union Saint-Gilloise,Inter Milan,0–4,0.0,4.0,False,False
,,,Villarreal,Manchester City,0–2,0.0,2.0,False,False
,,,Athletic Bilbao,Qarabağ,3–1,3.0,1.0,False,False
,,,Galatasaray,Bodø/Glimt,3–1,3.0,1.0,False,False
,,,Monaco,Tottenham Hotspur,0–0,0.0,0.0,False,False
,,,Atalanta,Slavia Prague,0–0,0.0,0.0,False,False
,,,Chelsea,Ajax,5–1,5.0,1.0,False,False
,,,Eintracht Frankfurt,Liverpool,1–5,1.0,5.0,False,False
,,,Bayern Munich,Club Brugge,4–0,4.0,0.0,False,False
,,,Real Madrid,Juventus,1–0,1.0,0.0,False,False
,,,Sporting CP,Marseille,2–1,2.0,1.0,False,False
,,,Slavia Prague,Arsenal,0–3,0.0,3.0,False,False
,,,Napoli,Eintracht Frankfurt,0–0,0.0,0.0,False,False
,,,Atlético Madrid,Union Saint-Gilloise,3–1,3.0,1.0,False,False
,,,Bodø/Glimt,Monaco,0–1,0.0,1.0,False,False
,,,Juventus,Sporting CP,1–1,1.0,1.0,False,False
,,,Liverpool,Real Madrid,1–0,1.0,0.0,False,False
,,,Olympiacos,PSV Eindhoven,1–1,1.0,1.0,False,False
,,,Paris Saint-Germain,Bayern Munich,1–2,1.0,2.0,False,False
,,,Tottenham Hotspur,Copenhagen,4–0,4.0,0.0,False,False
,,,Pafos,Villarreal,1–0,1.0,0.0,False,False
,,,Qarabağ,Chelsea,2–2,2.0,2.0,False,False
,,,Ajax,Galatasaray,0–3,0.0,3.0,False,False
,,,Club Brugge,Barcelona,3–3,3.0,3.0,False,False
,,,Inter Milan,Kairat,2–1,2.0,1.0,False,False
,,,Manchester City,Borussia Dortmund,4–1,4.0,1.0,False,False
,,,Newcastle United,Athletic Bilbao,2–0,2.0,0.0,False,False
,,,Marseille,Atalanta,0–1,0.0,1.0,False,False
,,,Benfica,Bayer Leverkusen,0–1,0.0,1.0,False,False
