season_year,team_id,team_code,team_name_en,team_name_es,country_en,country_es,goals__goals,goals__goals_scored_with_right,goals__goals_scored_with_left,goals__goals_scored_head,goals__goals_scored_inside_penalty_area,goals__goals_scored_outside_penalty_area,goals__penalty_scored,goals__matches_appearance
1992,52748,MAR,Marseille,Marseille,France,Francia,25,,,,,,2.0,11
1992,50058,MIL,Milan,Milan,Italy,Italia,23,,,,,,1.0,11
1992,50064,POR,Porto,Porto,Portugal,Portugal,20,,,,,,1.0,10
1992,50062,PSV,PSV,PSV,Netherlands,Holanda,15,,,,,,,10
1992,50121,RAN,Rangers,Rangers,Scotland,Escocia,14,,,,,,,10
1992,50066,IFK,Göteborg,Göteborg,Sweden,Suecia,14,,,,,,,10
1992,50043,BRU,Club Brugge,Club Brugge,Belgium,Bélgica,12,,,,,,,10
1992,54266,CSM,CSKA Moskva,CSKA Moskva,Russia,Rusia,11,,,,,,,10
1992,52824,SIO,Sion,Sion,Switzerland,Suiza,9,,,,,,,4
1992,53361,LEE,Leeds,Leeds,England,Inglaterra,8,,,,,,1.0,5
1992,50110,AUS,Austria Wien,Austria Wien,Austria,Austria,8,,,,,,,4
1992,50107,STU,Stuttgart,Stuttgart,Germany,Alemania,5,,,,,,,3
1992,50076,CSS,CSKA Sofia,CSKA Sofia,Bulgaria,Bulgaria,4,,,,,,1.0,2
1992,52797,SLB,S. Bratislava,S. Bratislava,Slovakia,Eslovaquia,4,,,,,,,4
1992,50129,AEK,AEK Athens,AEK Athens,Greece,Grecia,4,,,,,,,4
1992,50080,BAR,Barcelona,Barcelona,Spain,España,4,,,,,,,4
1992,50118,APO,APOEL,APOEL,Cyprus,Chipre,3,,,,,,,2
1992,57489,TAV,Tavriya,Tavriya,Ukraine,Ucrania,2,,,,,,2.0,2
1992,64227,LPO,Lech Poznań,Lech Poznań,Poland,Polonia,2,,,,,,1.0,4
1992,50098,DB,Dinamo Bucureşti,Dinamo Bucureşti,Romania,Rumanía,2,,,,,,,4
1992,52697,VKR,Víkingur R.,Víkingur R.,Iceland,Islandia,2,,,,,,,2
1992,50157,BES,Beşiktaş,Beşiktaş,Türkiye,Turquía,2,,,,,,,2
1992,52298,FER,Ferencváros,Ferencváros,Hungary,Hungría,1,,,,,,,2
1992,50140,USL,US Luxembourg,US Luxembourg,Luxembourg,Luxemburgo,1,,,,,,,2
1992,50082,LAH,Lahti,Lahti,Finland,Finlandia,1,,,,,,,2
1992,57479,SKO,Skonto,Skonto,Latvia,Letonia,0,,,,,,,2
1992,57477,MTA,M. Tel-Aviv,M. Tel-Aviv,Israel,Israel,0,,,,,,,2
1992,53081,OLJ,Olimpija,Olimpija,Slovenia,Eslovenia,0,,,,,,,2
1992,52319,VFK,Viking,Viking,Norway,Noruega,0,,,,,,,2
1992,50056,GLE,Glentoran,Glentoran,Northern Ireland,Irlanda del Norte,0,,,,,,,2
1992,50020,LYN,Lyngby,Lyngby,Denmark,Dinamarca,0,,,,,,,2
1992,2602334,ZAL,Žalgiris,Žalgiris,Lithuania,Lituania,0,,,,,,,2
1993,50080,BAR,Barcelona,Barcelona,Spain,España,26,,,,,,4.0,12
1993,50068,SPM,Spartak Moskva,Spartak Moskva,Russia,Rusia,22,,,,,,,10
1993,50058,MIL,Milan,Milan,Italy,Italia,21,,,,,,,12
1993,50040,BRM,Bremen,Bremen,Germany,Alemania,20,,,,,,2.0,10
1993,50074,AND,Anderlecht,Anderlecht,Belgium,Bélgica,16,,,,,,,10
1993,50023,MON,Monaco,Monaco,France,Francia,15,,,,,,1.0,11
1993,50064,POR,Porto,Porto,Portugal,Portugal,13,,,,,,1.0,11
1993,64227,LPO,Lech Poznań,Lech Poznań,Poland,Polonia,9,,,,,,2.0,4
1993,52682,MUN,Man Utd,Man Utd,England,Inglaterra,8,,,,,,,4
1993,50067,GAL,Galatasaray,Galatasaray,Türkiye,Turquía,7,,,,,,,10
1993,50110,AUS,Austria Wien,Austria Wien,Austria,Austria,6,,,,,,1.0,4
1993,50065,FCSB,FCSB,FCSB,Romania,Rumanía,6,,,,,,1.0,4
1993,50044,LSO,Levski Sofia,Levski Sofia,Bulgaria,Bulgaria,6,,,,,,,4
1993,52806,ROS,Rosenborg,Rosenborg,Norway,Noruega,4,,,,,,1.0,2
1993,52723,DKY,Dynamo Kyiv,Dynamo Kyiv,Ukraine,Ucrania,4,,,,,,1.0,2
1993,52709,CPH,Copenhagen,Copenhagen,Denmark,Dinamarca,4,,,,,,,4
1993,50033,SPA,Sparta Praha,Sparta Praha,Czechia,Chequia,4,,,,,,,4
1993,50164,DIN,GNK Dinamo,GNK Dinamo,Croatia,Croacia,4,,,,,,,2
1993,50121,RAN,Rangers,Rangers,Scotland,Escocia,4,,,,,,,2
1993,52749,FEY,Feyenoord,Feyenoord,Netherlands,Holanda,3,,,,,,,4
1993,50161,DMI,Dinamo-Minsk,Dinamo-Minsk,Belarus,Bielorrusia,3,,,,,,,2
1993,50134,LIN,Linfield,Linfield,Northern Ireland,Irlanda del Norte,3,,,,,,,2
1993,50054,HON,Honvéd,Honvéd,Hungary,Hungría,3,,,,,,,2
1993,59034,BEI,Beitar,Beitar,Israel,Israel,2,,,,,,,2
1993,52803,COR,Cork,Cork,Republic of Ireland,República de Irlanda,1,,,,,,,2
1993,52341,AIK,AIK,AIK,Sweden,Suecia,1,,,,,,,2
1993,50135,AKR,ÍA,ÍA,Iceland,Islandia,1,,,,,,,2
1993,50129,AEK,AEK Athens,AEK Athens,Greece,Grecia,1,,,,,,,2
1993,57479,SKO,Skonto,Skonto,Latvia,Letonia,0,,,,,,,2
1993,50092,FLO,Floriana,Floriana,Malta,Malta,0,,,,,,,2
1993,50052,HJK,HJK,HJK,Finland,Finlandia,0,,,,,,,2
1993,50035,AAR,Aarau,Aarau,Switzerland,Suiza,0,,,,,,,2
1994,50143,AJX,Ajax,Ajax,Netherlands,Holanda,18,,,,,,,11
1994,52747,PSG,Paris,Paris,France,Francia,15,,,,,,,10
1994,50080,BAR,Barcelona,Barcelona,Spain,España,13,,,,,,,8
1994,50037,BAY,Bayern München,Bayern München,Germany,Alemania,12,,,,,,1.0,10
1994,50066,IFK,Göteborg,Göteborg,Sweden,Suecia,12,,,,,,1.0,8
1994,50058,MIL,Milan,Milan,Italy,Italia,11,,,,,,,11
1994,52682,MUN,Man Utd,Man Utd,England,Inglaterra,11,,,,,,,6
1994,50147,BEN,Benfica,Benfica,Portugal,Portugal,9,,,,,,1.0,8
1994,50068,SPM,Spartak Moskva,Spartak Moskva,Russia,Rusia,8,,,,,,,6
1994,50065,FCSB,FCSB,FCSB,Romania,Rumanía,7,,,,,,,6
1994,52723,DKY,Dynamo Kyiv,Dynamo Kyiv,Ukraine,Ucrania,5,,,,,,1.0,6
1994,52359,HAJ,Hajduk Split,Hajduk Split,Croatia,Croacia,5,,,,,,,8
1994,50074,AND,Anderlecht,Anderlecht,Belgium,Bélgica,4,,,,,,,6
1994,50030,SAL,Salzburg,Salzburg,Austria,Austria,4,,,,,,,6
1994,50067,GAL,Galatasaray,Galatasaray,Türkiye,Turquía,3,,,,,,1.0,6
1994,50129,AEK,AEK Athens,AEK Athens,Greece,Grecia,3,,,,,,,6
1995,50143,AJX,Ajax,Ajax,Netherlands,Holanda,22,,,,,,1.0,11
1995,50139,JUV,Juventus,Juventus,Italy,Italia,22,,,,,,,11
1995,50068,SPM,Spartak Moskva,Spartak Moskva,Russia,Rusia,17,,,,,,1.0,8
1995,52693,NAN,Nantes,Nantes,France,Francia,15,,,,,,,10
1995,50051,RMA,Real Madrid,Real Madrid,Spain,España,12,,,,,,,8
1995,52806,ROS,Rosenborg,Rosenborg,Norway,Noruega,11,,,,,,1.0,6
1995,50084,PAN,Panathinaikos,Panathinaikos,Greece,Grecia,11,,,,,,,10
1995,52298,FER,Ferencváros,Ferencváros,Hungary,Hungría,9,,,,,,2.0,6
1995,52758,BVB,B. Dortmund,B. Dortmund,Germany,Alemania,8,,,,,,,8
1995,50121,RAN,Rangers,Rangers,Scotland,Escocia,6,,,,,,,6
1995,50064,POR,Porto,Porto,Portugal,Portugal,6,,,,,,,6
1995,53344,BLA,Blackburn,Blackburn,England,Inglaterra,5,,,,,,1.0,6
1995,50146,LEG,Legia Warszawa,Legia Warszawa,Poland,Polonia,5,,,,,,,8
1995,54186,AAL,AaB,AaB,Denmark,Dinamarca,5,,,,,,,6
1995,50004,GCZ,Grasshoppers,Grasshoppers,Switzerland,Suiza,3,,,,,,,6
1995,50065,FCSB,FCSB,FCSB,Romania,Rumanía,2,,,,,,,6
1996,52758,BVB,B. Dortmund,B. Dortmund,Germany,Alemania,23,,,,,,,11
1996,50139,JUV,Juventus,Juventus,Italy,Italia,21,,,,,,2.0,11
1996,50124,ATM,Atleti,Atleti,Spain,España,15,,,,,,1.0,8
1996,50143,AJX,Ajax,Ajax,Netherlands,Holanda,14,,,,,,,10
1996,50058,MIL,Milan,Milan,Italy,Italia,13,,,,,,1.0,6
1996,50064,POR,Porto,Porto,Portugal,Portugal,12,,,,,,,8
1996,52682,MUN,Man Utd,Man Utd,England,Inglaterra,10,,,,,,,10
1996,52269,AJA,Auxerre,Auxerre,France,Francia,9,,,,,,,8
1996,52806,ROS,Rosenborg,Rosenborg,Norway,Noruega,8,,,,,,1.0,8
1996,50004,GCZ,Grasshoppers,Grasshoppers,Switzerland,Suiza,8,,,,,,1.0,6
1996,50066,IFK,Göteborg,Göteborg,Sweden,Suecia,7,,,,,,,6
1996,52752,WID,Widzew,Widzew,Poland,Polonia,6,,,,,,,6
1996,50121,RAN,Rangers,Rangers,Scotland,Escocia,5,,,,,,1.0,6
1996,50065,FCSB,FCSB,FCSB,Romania,Rumanía,5,,,,,,1.0,6
1996,52692,FEN,Fenerbahçe,Fenerbahçe,Türkiye,Turquía,3,,,,,,,6
1996,50042,RAP,SK Rapid,SK Rapid,Austria,Austria,2,,,,,,,6
1997,50139,JUV,Juventus,Juventus,Italy,Italia,23,,,,,,3.0,11
1997,50051,RMA,Real Madrid,Real Madrid,Spain,España,22,,,,,,4.0,11
1997,50023,MON,Monaco,Monaco,France,Francia,20,,,,,,,10
1997,52682,MUN,Man Utd,Man Utd,England,Inglaterra,15,,,,,,1.0,8
1997,52758,BVB,B. Dortmund,B. Dortmund,Germany,Alemania,15,,,,,,,10
1997,52723,DKY,Dynamo Kyiv,Dynamo Kyiv,Ukraine,Ucrania,15,,,,,,,8
1997,50037,BAY,Bayern München,Bayern München,Germany,Alemania,13,,,,,,,8
1997,52806,ROS,Rosenborg,Rosenborg,Norway,Noruega,13,,,,,,,6
1997,50109,LEV,Leverkusen,Leverkusen,Germany,Alemania,12,,,,,,1.0,8
1997,52747,PSG,Paris,Paris,France,Francia,11,,,,,,1.0,6
1997,50149,SPO,Sporting CP,Sporting CP,Portugal,Portugal,9,,,,,,1.0,6
1997,50062,PSV,PSV,PSV,Netherlands,Holanda,9,,,,,,,6
1997,52749,FEY,Feyenoord,Feyenoord,Netherlands,Holanda,8,,,,,,1.0,6
1997,59324,NEW,Newcastle,Newcastle,England,Inglaterra,7,,,,,,1.0,6
1997,50080,BAR,Barcelona,Barcelona,Spain,España,7,,,,,,,6
1997,54262,PAR,Parma,Parma,Italy,Italia,6,,,,,,,6
1997,50157,BES,Beşiktaş,Beşiktaş,Türkiye,Turquía,6,,,,,,,6
1997,50033,SPA,Sparta Praha,Sparta Praha,Czechia,Chequia,6,,,,,,,6
1997,2610,OLY,Olympiacos,Olympiacos,Greece,Grecia,6,,,,,,,6
1997,50066,IFK,Göteborg,Göteborg,Sweden,Suecia,4,,,,,,1.0,6
1997,50067,GAL,Galatasaray,Galatasaray,Türkiye,Turquía,4,,,,,,,6
1997,8404,LIE,Lierse,Lierse,Belgium,Bélgica,3,,,,,,,6
1997,50064,POR,Porto,Porto,Portugal,Portugal,3,,,,,,,6
1997,59029,KOS,Košice,Košice,Slovakia,Eslovaquia,2,,,,,,,6
1998,52682,MUN,Man Utd,Man Utd,England,Inglaterra,29,,,,,,,11
1998,50037,BAY,Bayern München,Bayern München,Germany,Alemania,20,,,,,,1.0,11
1998,50051,RMA,Real Madrid,Real Madrid,Spain,España,18,,,,,,1.0,8
1998,52723,DKY,Dynamo Kyiv,Dynamo Kyiv,Ukraine,Ucrania,17,,,,,,1.0,10
1998,50139,JUV,Juventus,Juventus,Italy,Italia,13,,,,,,,10
1998,3695,KAI,Kaiserslautern,Kaiserslautern,Germany,Alemania,12,,,,,,,8
1998,50080,BAR,Barcelona,Barcelona,Spain,España,11,,,,,,3.0,6
1998,50064,POR,Porto,Porto,Portugal,Portugal,11,,,,,,,6
1998,2610,OLY,Olympiacos,Olympiacos,Greece,Grecia,10,,,,,,1.0,8
1998,50062,PSV,PSV,PSV,Netherlands,Holanda,10,,,,,,1.0,6
1998,50138,INT,Inter,Inter,Italy,Italia,10,,,,,,,8
1998,50052,HJK,HJK,HJK,Finland,Finlandia,8,,,,,,2.0,6
1998,50147,BEN,Benfica,Benfica,Portugal,Portugal,8,,,,,,1.0,6
1998,52280,ARS,Arsenal,Arsenal,England,Inglaterra,8,,,,,,,6
1998,50067,GAL,Galatasaray,Galatasaray,Türkiye,Turquía,8,,,,,,,6
1998,52806,ROS,Rosenborg,Rosenborg,Norway,Noruega,7,,,,,,1.0,6
1998,50068,SPM,Spartak Moskva,Spartak Moskva,Russia,Rusia,7,,,,,,,6
1998,50084,PAN,Panathinaikos,Panathinaikos,Greece,Grecia,6,,,,,,,6
1998,52277,LEN,Lens,Lens,France,Francia,5,,,,,,,6
1998,50164,DIN,GNK Dinamo,GNK Dinamo,Croatia,Croacia,5,,,,,,,6
1998,50125,ATH,Athletic Club,Athletic Club,Spain,España,5,,,,,,,6
1998,50143,AJX,Ajax,Ajax,Netherlands,Holanda,4,,,,,,1.0,6
1998,50021,BRO,Brøndby,Brøndby,Denmark,Dinamarca,4,,,,,,,6
1998,50111,SGR,Sturm Graz,Sturm Graz,Austria,Austria,2,,,,,,,6
1999,50080,BAR,Barcelona,Barcelona,Spain,España,45,,,,,,3.0,16
1999,50051,RMA,Real Madrid,Real Madrid,Spain,España,35,,,,,,3.0,17
1999,52268,VAL,Valencia,Valencia,Spain,España,27,,,,,,3.0,17
1999,52973,LAZ,Lazio,Lazio,Italy,Italia,26,,,,,,,14
1999,50037,BAY,Bayern München,Bayern München,Germany,Alemania,25,,,,,,3.0,16
1999,52914,CHE,Chelsea,Chelsea,England,Inglaterra,22,,,,,,1.0,14
1999,52682,MUN,Man Utd,Man Utd,England,Inglaterra,21,,,,,,1.0,14
1999,50033,SPA,Sparta Praha,Sparta Praha,Czechia,Chequia,19,,,,,,4.0,12
1999,50064,POR,Porto,Porto,Portugal,Portugal,19,,,,,,,14
1999,52723,DKY,Dynamo Kyiv,Dynamo Kyiv,Ukraine,Ucrania,18,,,,,,3.0,12
1999,52806,ROS,Rosenborg,Rosenborg,Norway,Noruega,17,,,,,,,12
1999,52817,FIO,Fiorentina,Fiorentina,Italy,Italia,16,,,,,,2.0,12
1999,52749,FEY,Feyenoord,Feyenoord,Netherlands,Holanda,14,,,,,,,12
1999,50127,BOR,Bordeaux,Bordeaux,France,Francia,12,,,,,,1.0,12
1999,52748,MAR,Marseille,Marseille,France,Francia,12,,,,,,,12
1999,50067,GAL,Galatasaray,Galatasaray,Türkiye,Turquía,10,,,,,,2.0,6
1999,5451,HER,Hertha,Hertha,Germany,Alemania,10,,,,,,1.0,12
1999,50068,SPM,Spartak Moskva,Spartak Moskva,Russia,Rusia,9,,,,,,3.0,6
1999,52280,ARS,Arsenal,Arsenal,England,Inglaterra,9,,,,,,,6
1999,2610,OLY,Olympiacos,Olympiacos,Greece,Grecia,9,,,,,,,6
1999,52987,WIL,Willem II,Willem II,Netherlands,Holanda,7,,,,,,,6
1999,52758,BVB,B. Dortmund,B. Dortmund,Germany,Alemania,7,,,,,,,6
1999,50164,DIN,GNK Dinamo,GNK Dinamo,Croatia,Croacia,7,,,,,,,6
1999,50121,RAN,Rangers,Rangers,Scotland,Escocia,7,,,,,,,6
1999,50109,LEV,Leverkusen,Leverkusen,Germany,Alemania,7,,,,,,,6
1999,50142,MOL,Molde,Molde,Norway,Noruega,6,,,,,,,6
1999,50058,MIL,Milan,Milan,Italy,Italia,6,,,,,,,6
1999,50062,PSV,PSV,PSV,Netherlands,Holanda,5,,,,,,2.0,6
1999,50111,SGR,Sturm Graz,Sturm Graz,Austria,Austria,5,,,,,,,6
1999,52819,BOA,Boavista,Boavista,Portugal,Portugal,4,,,,,,1.0,6
1999,52341,AIK,AIK,AIK,Sweden,Suecia,4,,,,,,,6
1999,57490,MRB,Maribor,Maribor,Slovenia,Eslovenia,2,,,,,,,6
2000,50051,RMA,Real Madrid,Real Madrid,Spain,España,35,,,,,,3.0,16
2000,50037,BAY,Bayern München,Bayern München,Germany,Alemania,24,,,,,,2.0,17
2000,53361,LEE,Leeds,Leeds,England,Inglaterra,24,,,,,,1.0,16
2000,52268,VAL,Valencia,Valencia,Spain,España,23,,,,,,1.0,17
2000,52682,MUN,Man Utd,Man Utd,England,Inglaterra,22,,,,,,3.0,14
2000,52973,LAZ,Lazio,Lazio,Italy,Italia,22,,,,,,1.0,12
2000,52747,PSG,Paris,Paris,France,Francia,22,,,,,,1.0,12
2000,50067,GAL,Galatasaray,Galatasaray,Türkiye,Turquía,19,,,,,,3.0,14
2000,52280,ARS,Arsenal,Arsenal,England,Inglaterra,19,,,,,,1.0,14
2000,59044,DEP,Deportivo,Deportivo,Spain,España,18,,,,,,3.0,14
2000,50058,MIL,Milan,Milan,Italy,Italia,18,,,,,,2.0,12
2000,50074,AND,Anderlecht,Anderlecht,Belgium,Bélgica,18,,,,,,,12
2000,5312,LYO,Lyon,Lyon,France,Francia,16,,,,,,1.0,12
2000,50068,SPM,Spartak Moskva,Spartak Moskva,Russia,Rusia,14,,,,,,1.0,12
2000,52806,ROS,Rosenborg,Rosenborg,Norway,Noruega,13,,,,,,1.0,6
2000,50080,BAR,Barcelona,Barcelona,Spain,España,13,,,,,,1.0,6
2000,50023,MON,Monaco,Monaco,France,Francia,13,,,,,,1.0,6
2000,50111,SGR,Sturm Graz,Sturm Graz,Austria,Austria,13,,,,,,,12
2000,50084,PAN,Panathinaikos,Panathinaikos,Greece,Grecia,10,,,,,,2.0,12
2000,52707,SHK,Shakhtar,Shakhtar,Ukraine,Ucrania,10,,,,,,1.0,6
2000,50121,RAN,Rangers,Rangers,Scotland,Escocia,10,,,,,,,6
2000,52167,HSV,Hamburg,Hamburg,Germany,Alemania,9,,,,,,1.0,6
2000,50139,JUV,Juventus,Juventus,Italy,Italia,9,,,,,,1.0,6
2000,50109,LEV,Leverkusen,Leverkusen,Germany,Alemania,9,,,,,,,6
2000,50062,PSV,PSV,PSV,Netherlands,Holanda,9,,,,,,,6
2000,52723,DKY,Dynamo Kyiv,Dynamo Kyiv,Ukraine,Ucrania,7,,,,,,,6
2000,50033,SPA,Sparta Praha,Sparta Praha,Czechia,Chequia,6,,,,,,1.0,6
2000,2610,OLY,Olympiacos,Olympiacos,Greece,Grecia,6,,,,,,1.0,6
2000,60401,HEL,Helsingborg,Helsingborg,Sweden,Suecia,6,,,,,,,6
2000,50149,SPO,Sporting CP,Sporting CP,Portugal,Portugal,5,,,,,,,6
2000,50157,BES,Beşiktaş,Beşiktaş,Türkiye,Turquía,4,,,,,,1.0,6
2000,59862,HVN,Heerenveen,Heerenveen,Netherlands,Holanda,3,,,,,,,6
2001,50051,RMA,Real Madrid,Real Madrid,Spain,España,35,,,,,,2.0,17
2001,52682,MUN,Man Utd,Man Utd,England,Inglaterra,31,,,,,,4.0,16
2001,50109,LEV,Leverkusen,Leverkusen,Germany,Alemania,29,,,,,,1.0,17
2001,50080,BAR,Barcelona,Barcelona,Spain,España,23,,,,,,1.0,16
2001,50037,BAY,Bayern München,Bayern München,Germany,Alemania,21,,,,,,,14
2001,59044,DEP,Deportivo,Deportivo,Spain,España,19,,,,,,1.0,14
2001,50139,JUV,Juventus,Juventus,Italy,Italia,18,,,,,,1.0,12
2001,52280,ARS,Arsenal,Arsenal,England,Inglaterra,17,,,,,,2.0,12
2001,50084,PAN,Panathinaikos,Panathinaikos,Greece,Grecia,17,,,,,,1.0,14
2001,50033,SPA,Sparta Praha,Sparta Praha,Czechia,Chequia,16,,,,,,1.0,12
2001,7889,LIV,Liverpool,Liverpool,England,Inglaterra,14,,,,,,1.0,14
2001,52693,NAN,Nantes,Nantes,France,Francia,12,,,,,,1.0,12
2001,50137,ROM,Roma,Roma,Italy,Italia,12,,,,,,1.0,12
2001,52819,BOA,Boavista,Boavista,Portugal,Portugal,10,,,,,,,12
2001,50067,GAL,Galatasaray,Galatasaray,Türkiye,Turquía,10,,,,,,,12
2001,50064,POR,Porto,Porto,Portugal,Portugal,10,,,,,,,12
2001,5312,LYO,Lyon,Lyon,France,Francia,10,,,,,,,6
2001,57388,SCH,Schalke,Schalke,Germany,Alemania,9,,,,,,1.0,6
2001,53065,LMO,Lokomotiv Moskva,Lokomotiv Moskva,Russia,Rusia,9,,,,,,,6
2001,50050,CEL,Celtic,Celtic,Scotland,Escocia,8,,,,,,2.0,6
2001,75797,LIL,Lille,Lille,France,Francia,7,,,,,,1.0,6
2001,52749,FEY,Feyenoord,Feyenoord,Netherlands,Holanda,7,,,,,,,6
2001,50068,SPM,Spartak Moskva,Spartak Moskva,Russia,Rusia,7,,,,,,,6
2001,52758,BVB,B. Dortmund,B. Dortmund,Germany,Alemania,6,,,,,,,6
2001,50062,PSV,PSV,PSV,Netherlands,Holanda,6,,,,,,,6
2001,2610,OLY,Olympiacos,Olympiacos,Greece,Grecia,6,,,,,,,6
2001,52723,DKY,Dynamo Kyiv,Dynamo Kyiv,Ukraine,Ucrania,5,,,,,,,6
2001,53044,MAL,Mallorca,Mallorca,Spain,España,4,,,,,,1.0,6
2001,52973,LAZ,Lazio,Lazio,Italy,Italia,4,,,,,,1.0,6
2001,52806,ROS,Rosenborg,Rosenborg,Norway,Noruega,4,,,,,,1.0,6
2001,50074,AND,Anderlecht,Anderlecht,Belgium,Bélgica,4,,,,,,,6
2001,52692,FEN,Fenerbahçe,Fenerbahçe,Türkiye,Turquía,3,,,,,,,6
2002,50051,RMA,Real Madrid,Real Madrid,Spain,España,33,,,,,,1.0,16
2002,52682,MUN,Man Utd,Man Utd,England,Inglaterra,32,,,,,,1.0,14
2002,50139,JUV,Juventus,Juventus,Italy,Italia,30,,,,,,1.0,17
2002,50080,BAR,Barcelona,Barcelona,Spain,España,27,,,,,,,14
2002,50138,INT,Inter,Inter,Italy,Italia,26,,,,,,,16
2002,52268,VAL,Valencia,Valencia,Spain,España,24,,,,,,1.0,14
2002,50058,MIL,Milan,Milan,Italy,Italia,21,,,,,,1.0,17
2002,59044,DEP,Deportivo,Deportivo,Spain,España,18,,,,,,,12
2002,59856,BSL,Basel,Basel,Switzerland,Suiza,17,,,,,,,12
2002,59324,NEW,Newcastle,Newcastle,England,Inglaterra,16,,,,,,2.0,12
2002,52758,BVB,B. Dortmund,B. Dortmund,Germany,Alemania,16,,,,,,1.0,12
2002,52280,ARS,Arsenal,Arsenal,England,Inglaterra,15,,,,,,,12
2002,50109,LEV,Leverkusen,Leverkusen,Germany,Alemania,14,,,,,,2.0,12
2002,50143,AJX,Ajax,Ajax,Netherlands,Holanda,14,,,,,,,14
2002,59045,MHA,Maccabi Haifa,Maccabi Haifa,Israel,Israel,12,,,,,,2.0,6
2002,7889,LIV,Liverpool,Liverpool,England,Inglaterra,12,,,,,,,6
2002,5312,LYO,Lyon,Lyon,France,Francia,12,,,,,,,6
2002,2610,OLY,Olympiacos,Olympiacos,Greece,Grecia,11,,,,,,1.0,6
2002,52277,LEN,Lens,Lens,France,Francia,11,,,,,,,6
2002,50137,ROM,Roma,Roma,Italy,Italia,10,,,,,,,12
2002,50037,BAY,Bayern München,Bayern München,Germany,Alemania,9,,,,,,,6
2002,53065,LMO,Lokomotiv Moskva,Lokomotiv Moskva,Russia,Rusia,8,,,,,,,12
2002,50129,AEK,AEK Athens,AEK Athens,Greece,Grecia,7,,,,,,,6
2002,52723,DKY,Dynamo Kyiv,Dynamo Kyiv,Ukraine,Ucrania,6,,,,,,,6
2002,50043,BRU,Club Brugge,Club Brugge,Belgium,Bélgica,5,,,,,,1.0,6
2002,50067,GAL,Galatasaray,Galatasaray,Türkiye,Turquía,5,,,,,,,6
2002,50062,PSV,PSV,PSV,Netherlands,Holanda,5,,,,,,,6
2002,52806,ROS,Rosenborg,Rosenborg,Norway,Noruega,4,,,,,,1.0,6
2002,52749,FEY,Feyenoord,Feyenoord,Netherlands,Holanda,4,,,,,,,6
2002,52269,AJA,Auxerre,Auxerre,France,Francia,4,,,,,,,6
2002,61582,GEN,Genk,Genk,Belgium,Bélgica,2,,,,,,,6
2002,50068,SPM,Spartak Moskva,Spartak Moskva,Russia,Rusia,1,,,,,,,6
2003,50023,MON,Monaco,Monaco,France,Francia,27,,,4.0,25.0,2.0,,13
2003,50064,POR,Porto,Porto,Portugal,Portugal,20,5.0,1.0,,19.0,1.0,2.0,13
2003,59044,DEP,Deportivo,Deportivo,Spain,España,19,4.0,1.0,2.0,16.0,3.0,1.0,12
2003,50051,RMA,Real Madrid,Real Madrid,Spain,España,18,2.0,4.0,1.0,13.0,5.0,1.0,10
2003,52914,CHE,Chelsea,Chelsea,England,Inglaterra,16,4.0,2.0,,13.0,2.0,,12
2003,52280,ARS,Arsenal,Arsenal,England,Inglaterra,16,,,2.0,13.0,3.0,,10
2003,52682,MUN,Man Utd,Man Utd,England,Inglaterra,15,5.0,6.0,3.0,14.0,,1.0,8
2003,50139,JUV,Juventus,Juventus,Italy,Italia,15,2.0,1.0,2.0,11.0,4.0,,8
2003,50058,MIL,Milan,Milan,Italy,Italia,12,,1.0,,7.0,5.0,,10
2003,5312,LYO,Lyon,Lyon,France,Francia,11,2.0,1.0,3.0,8.0,2.0,2.0,10
2003,50107,STU,Stuttgart,Stuttgart,Germany,Alemania,9,4.0,1.0,2.0,7.0,1.0,,8
2003,53065,LMO,Lokomotiv Moskva,Lokomotiv Moskva,Russia,Rusia,9,1.0,1.0,1.0,7.0,1.0,1.0,8
2003,53043,CLT,Celta,Celta,Spain,España,9,1.0,,1.0,6.0,2.0,1.0,8
2003,52748,MAR,Marseille,Marseille,France,Francia,9,,2.0,4.0,9.0,,,6
2003,52723,DKY,Dynamo Kyiv,Dynamo Kyiv,Ukraine,Ucrania,8,2.0,,1.0,6.0,2.0,,6
2003,50138,INT,Inter,Inter,Italy,Italia,8,1.0,2.0,1.0,8.0,,,6
2003,50050,CEL,Celtic,Celtic,Scotland,Escocia,8,1.0,,3.0,5.0,2.0,,6
2003,50062,PSV,PSV,PSV,Netherlands,Holanda,8,1.0,,1.0,7.0,1.0,,6
2003,50123,RSO,Real Sociedad,Real Sociedad,Spain,España,8,,3.0,,5.0,2.0,1.0,8
2003,50037,BAY,Bayern München,Bayern München,Germany,Alemania,7,2.0,1.0,1.0,5.0,2.0,1.0,8
2003,52973,LAZ,Lazio,Lazio,Italy,Italia,6,2.0,,2.0,6.0,,1.0,6
2003,50033,SPA,Sparta Praha,Sparta Praha,Czechia,Chequia,6,2.0,,,5.0,1.0,,8
2003,50067,GAL,Galatasaray,Galatasaray,Türkiye,Turquía,6,1.0,1.0,2.0,6.0,,,6
2003,2610,OLY,Olympiacos,Olympiacos,Greece,Grecia,6,,2.0,1.0,2.0,1.0,,6
2003,50143,AJX,Ajax,Ajax,Netherlands,Holanda,6,,,1.0,4.0,1.0,1.0,6
2003,50084,PAN,Panathinaikos,Panathinaikos,Greece,Grecia,5,4.0,,1.0,2.0,3.0,,6
2003,50157,BES,Beşiktaş,Beşiktaş,Türkiye,Turquía,5,1.0,1.0,1.0,5.0,,2.0,6
2003,50043,BRU,Club Brugge,Club Brugge,Belgium,Bélgica,5,,,1.0,1.0,1.0,,6
2003,50121,RAN,Rangers,Rangers,Scotland,Escocia,4,1.0,,1.0,3.0,1.0,,6
2003,50074,AND,Anderlecht,Anderlecht,Belgium,Bélgica,4,,,,4.0,,,6
2003,50162,PRT,Partizan,Partizan,Serbia,Serbia,3,,,1.0,3.0,,,6
2003,50129,AEK,AEK Athens,AEK Athens,Greece,Grecia,1,,1.0,,1.0,,,6
2004,5312,LYO,Lyon,Lyon,France,Francia,29,20.0,4.0,4.0,25.0,4.0,1.0,10
2004,50058,MIL,Milan,Milan,Italy,Italia,21,12.0,3.0,5.0,18.0,3.0,,13
2004,52914,CHE,Chelsea,Chelsea,England,Inglaterra,21,7.0,6.0,7.0,16.0,4.0,,12
2004,50037,BAY,Bayern München,Bayern München,Germany,Alemania,20,11.0,2.0,3.0,15.0,5.0,3.0,10
2004,7889,LIV,Liverpool,Liverpool,England,Inglaterra,18,10.0,6.0,1.0,12.0,5.0,,13
2004,50138,INT,Inter,Inter,Italy,Italia,18,5.0,7.0,3.0,17.0,1.0,1.0,10
2004,50109,LEV,Leverkusen,Leverkusen,Germany,Alemania,15,9.0,4.0,2.0,11.0,4.0,,8
2004,52682,MUN,Man Utd,Man Utd,England,Inglaterra,14,9.0,1.0,3.0,13.0,1.0,1.0,8
2004,50040,BRM,Bremen,Bremen,Germany,Alemania,14,6.0,5.0,1.0,12.0,2.0,2.0,8
2004,50062,PSV,PSV,PSV,Netherlands,Holanda,14,3.0,6.0,4.0,13.0,1.0,,12
2004,50080,BAR,Barcelona,Barcelona,Spain,España,13,10.0,1.0,,10.0,3.0,2.0,8
2004,52280,ARS,Arsenal,Arsenal,England,Inglaterra,13,6.0,4.0,,12.0,,2.0,8
2004,50051,RMA,Real Madrid,Real Madrid,Spain,España,12,5.0,3.0,1.0,10.0,2.0,3.0,8
2004,50084,PAN,Panathinaikos,Panathinaikos,Greece,Grecia,11,4.0,4.0,1.0,8.0,2.0,1.0,6
2004,50023,MON,Monaco,Monaco,France,Francia,10,9.0,1.0,,9.0,1.0,,8
2004,52692,FEN,Fenerbahçe,Fenerbahçe,Türkiye,Turquía,10,5.0,1.0,3.0,6.0,3.0,,6
2004,52723,DKY,Dynamo Kyiv,Dynamo Kyiv,Ukraine,Ucrania,9,7.0,1.0,,7.0,1.0,,6
2004,50139,JUV,Juventus,Juventus,Italy,Italia,9,2.0,1.0,2.0,7.0,1.0,,10
2004,52806,ROS,Rosenborg,Rosenborg,Norway,Noruega,6,5.0,,1.0,5.0,1.0,,6
2004,52268,VAL,Valencia,Valencia,Spain,España,6,4.0,2.0,,5.0,1.0,,6
2004,50064,POR,Porto,Porto,Portugal,Portugal,6,2.0,2.0,2.0,5.0,1.0,,8
2004,50143,AJX,Ajax,Ajax,Netherlands,Holanda,6,,3.0,2.0,4.0,1.0,,6
2004,2610,OLY,Olympiacos,Olympiacos,Greece,Grecia,5,4.0,1.0,,4.0,1.0,,6
2004,54266,CSM,CSKA Moskva,CSKA Moskva,Russia,Rusia,5,3.0,,1.0,4.0,1.0,1.0,6
2004,52707,SHK,Shakhtar,Shakhtar,Ukraine,Ucrania,5,2.0,3.0,,4.0,1.0,,6
2004,50050,CEL,Celtic,Celtic,Scotland,Escocia,4,2.0,1.0,1.0,4.0,,,6
2004,50074,AND,Anderlecht,Anderlecht,Belgium,Bélgica,4,2.0,,1.0,4.0,,,6
2004,50137,ROM,Roma,Roma,Italy,Italia,4,1.0,2.0,,3.0,,,6
2004,57477,MTA,M. Tel-Aviv,M. Tel-Aviv,Israel,Israel,4,,,,1.0,,1.0,6
2004,52747,PSG,Paris,Paris,France,Francia,3,3.0,,,2.0,,,6
2004,50033,SPA,Sparta Praha,Sparta Praha,Czechia,Chequia,2,1.0,,1.0,2.0,,,6
2004,59044,DEP,Deportivo,Deportivo,Spain,España,0,,,,,,,6
2005,50080,BAR,Barcelona,Barcelona,Spain,España,24,15.0,4.0,2.0,17.0,3.0,2.0,13
2005,50058,MIL,Milan,Milan,Italy,Italia,20,12.0,2.0,5.0,16.0,3.0,1.0,12
2005,5312,LYO,Lyon,Lyon,France,Francia,19,12.0,3.0,3.0,14.0,,,10
2005,50139,JUV,Juventus,Juventus,Italy,Italia,16,11.0,3.0,2.0,12.0,2.0,,10
2005,50040,BRM,Bremen,Bremen,Germany,Alemania,16,8.0,2.0,3.0,15.0,,2.0,8
2005,52280,ARS,Arsenal,Arsenal,England,Inglaterra,15,8.0,3.0,2.0,12.0,3.0,2.0,13
2005,50138,INT,Inter,Inter,Italy,Italia,14,7.0,4.0,2.0,11.0,2.0,1.0,10
2005,50037,BAY,Bayern München,Bayern München,Germany,Alemania,12,8.0,2.0,2.0,8.0,3.0,,8
2005,50143,AJX,Ajax,Ajax,Netherlands,Holanda,12,6.0,3.0,2.0,10.0,2.0,,8
2005,57388,SCH,Schalke,Schalke,Germany,Alemania,12,3.0,3.0,4.0,11.0,1.0,2.0,6
2005,51310,UDI,Udinese,Udinese,Italy,Italia,10,5.0,3.0,1.0,6.0,3.0,,6
2005,50121,RAN,Rangers,Rangers,Scotland,Escocia,10,1.0,5.0,3.0,8.0,1.0,,8
2005,50051,RMA,Real Madrid,Real Madrid,Spain,España,10,1.0,3.0,5.0,8.0,,,8
2005,52914,CHE,Chelsea,Chelsea,England,Inglaterra,9,6.0,,1.0,7.0,,1.0,8
2005,50147,BEN,Benfica,Benfica,Portugal,Portugal,8,5.0,,3.0,5.0,3.0,,10
2005,70691,VIL,Villarreal,Villarreal,Spain,España,8,3.0,2.0,1.0,7.0,1.0,2.0,12
2005,50064,POR,Porto,Porto,Portugal,Portugal,8,2.0,1.0,3.0,4.0,2.0,,6
2005,2610,OLY,Olympiacos,Olympiacos,Greece,Grecia,7,4.0,2.0,,2.0,4.0,,6
2005,52692,FEN,Fenerbahçe,Fenerbahçe,Türkiye,Turquía,7,2.0,,3.0,6.0,1.0,2.0,6
2005,7889,LIV,Liverpool,Liverpool,England,Inglaterra,6,4.0,1.0,1.0,6.0,,,8
2005,50043,BRU,Club Brugge,Club Brugge,Belgium,Bélgica,6,4.0,1.0,1.0,3.0,2.0,,6
2005,52806,ROS,Rosenborg,Rosenborg,Norway,Noruega,6,4.0,,1.0,3.0,2.0,,6
2005,64519,PET,Petržalka,Petržalka,Slovakia,Eslovaquia,5,4.0,1.0,,4.0,1.0,,6
2005,80409,THU,Thun,Thun,Switzerland,Suiza,4,3.0,1.0,,4.0,,,6
2005,50062,PSV,PSV,PSV,Netherlands,Holanda,4,1.0,1.0,2.0,4.0,,,8
2005,50084,PAN,Panathinaikos,Panathinaikos,Greece,Grecia,4,1.0,1.0,1.0,4.0,,1.0,6
2005,52265,BET,Real Betis,Real Betis,Spain,España,3,2.0,1.0,,2.0,1.0,,6
2005,52682,MUN,Man Utd,Man Utd,England,Inglaterra,3,2.0,1.0,,2.0,,,6
2005,50042,RAP,SK Rapid,SK Rapid,Austria,Austria,3,1.0,,2.0,3.0,,,6
2005,50033,SPA,Sparta Praha,Sparta Praha,Czechia,Chequia,2,1.0,1.0,,1.0,1.0,,6
2005,75797,LIL,Lille,Lille,France,Francia,1,1.0,,,1.0,,,6
2005,50074,AND,Anderlecht,Anderlecht,Belgium,Bélgica,1,1.0,,,1.0,,,6
2006,52682,MUN,Man Utd,Man Utd,England,Inglaterra,23,11.0,5.0,3.0,16.0,5.0,1.0,12
2006,50058,MIL,Milan,Milan,Italy,Italia,20,10.0,2.0,3.0,10.0,8.0,3.0,13
2006,7889,LIV,Liverpool,Liverpool,England,Inglaterra,19,6.0,3.0,7.0,12.0,5.0,,13
2006,50051,RMA,Real Madrid,Real Madrid,Spain,España,18,5.0,3.0,3.0,9.0,4.0,3.0,8
2006,52914,CHE,Chelsea,Chelsea,England,Inglaterra,17,8.0,4.0,1.0,5.0,9.0,1.0,12
2006,50037,BAY,Bayern München,Bayern München,Germany,Alemania,16,7.0,3.0,1.0,4.0,8.0,,10
2006,52268,VAL,Valencia,Valencia,Spain,España,16,5.0,5.0,4.0,2.0,12.0,,10
2006,50080,BAR,Barcelona,Barcelona,Spain,España,14,10.0,2.0,,,11.0,,8
2006,50137,ROM,Roma,Roma,Italy,Italia,13,5.0,3.0,2.0,5.0,6.0,1.0,10
2006,5312,LYO,Lyon,Lyon,France,Francia,12,6.0,3.0,3.0,4.0,7.0,,8
2006,50064,POR,Porto,Porto,Portugal,Portugal,11,2.0,5.0,1.0,6.0,3.0,1.0,8
2006,75797,LIL,Lille,Lille,France,Francia,8,4.0,4.0,,4.0,4.0,,8
2006,50062,PSV,PSV,PSV,Netherlands,Holanda,8,4.0,1.0,1.0,1.0,4.0,,10
2006,52280,ARS,Arsenal,Arsenal,England,Inglaterra,8,4.0,,2.0,4.0,3.0,1.0,8
2006,50050,CEL,Celtic,Celtic,Scotland,Escocia,8,3.0,4.0,,6.0,,1.0,8
2006,52167,HSV,Hamburg,Hamburg,Germany,Alemania,7,6.0,,1.0,2.0,5.0,,6
2006,50068,SPM,Spartak Moskva,Spartak Moskva,Russia,Rusia,7,6.0,,1.0,1.0,5.0,,6
2006,50065,FCSB,FCSB,FCSB,Romania,Rumanía,7,5.0,,2.0,2.0,4.0,,6
2006,50147,BEN,Benfica,Benfica,Portugal,Portugal,7,4.0,2.0,,5.0,1.0,,6
2006,50067,GAL,Galatasaray,Galatasaray,Türkiye,Turquía,7,4.0,1.0,2.0,4.0,3.0,,6
2006,50074,AND,Anderlecht,Anderlecht,Belgium,Bélgica,7,4.0,1.0,2.0,2.0,5.0,,6
2006,50138,INT,Inter,Inter,Italy,Italia,7,4.0,,1.0,2.0,3.0,,8
2006,50040,BRM,Bremen,Bremen,Germany,Alemania,7,3.0,,2.0,2.0,2.0,,6
2006,50127,BOR,Bordeaux,Bordeaux,France,Francia,6,4.0,1.0,1.0,,6.0,,6
2006,50129,AEK,AEK Athens,AEK Athens,Greece,Grecia,6,3.0,2.0,1.0,1.0,4.0,,6
2006,2610,OLY,Olympiacos,Olympiacos,Greece,Grecia,6,2.0,2.0,2.0,2.0,4.0,,6
2006,52707,SHK,Shakhtar,Shakhtar,Ukraine,Ucrania,6,2.0,1.0,2.0,,4.0,,6
2006,52723,DKY,Dynamo Kyiv,Dynamo Kyiv,Ukraine,Ucrania,5,4.0,1.0,,1.0,3.0,,6
2006,52709,CPH,Copenhagen,Copenhagen,Denmark,Dinamarca,5,2.0,2.0,1.0,2.0,3.0,,6
2006,54266,CSM,CSKA Moskva,CSKA Moskva,Russia,Rusia,4,,2.0,1.0,2.0,2.0,1.0,6
2006,50149,SPO,Sporting CP,Sporting CP,Portugal,Portugal,3,2.0,,1.0,,3.0,,6
2006,50044,LSO,Levski Sofia,Levski Sofia,Bulgaria,Bulgaria,1,1.0,,,,1.0,,6
2008,7889,LIV,Liverpool,Liverpool,England,Inglaterra,29,17.0,3.0,6.0,19.0,10.0,2.0,12
2008,52682,MUN,Man Utd,Man Utd,England,Inglaterra,20,10.0,1.0,8.0,14.0,5.0,1.0,13
2008,52914,CHE,Chelsea,Chelsea,England,Inglaterra,20,9.0,3.0,4.0,12.0,4.0,1.0,13
2008,52280,ARS,Arsenal,Arsenal,England,Inglaterra,19,13.0,4.0,1.0,11.0,6.0,,10
2008,52714,SEV,Sevilla,Sevilla,Spain,España,19,11.0,3.0,3.0,7.0,10.0,1.0,8
2008,50080,BAR,Barcelona,Barcelona,Spain,España,18,8.0,8.0,,11.0,6.0,1.0,12
2008,50051,RMA,Real Madrid,Real Madrid,Spain,España,15,11.0,1.0,3.0,10.0,5.0,,8
2008,50137,ROM,Roma,Roma,Italy,Italia,15,10.0,,4.0,8.0,6.0,,10
2008,52692,FEN,Fenerbahçe,Fenerbahçe,Türkiye,Turquía,15,8.0,2.0,4.0,6.0,8.0,,10
2008,50138,INT,Inter,Inter,Italy,Italia,12,8.0,1.0,2.0,11.0,1.0,1.0,8
2008,50058,MIL,Milan,Milan,Italy,Italia,12,8.0,1.0,2.0,2.0,9.0,1.0,8
2008,5312,LYO,Lyon,Lyon,France,Francia,12,5.0,6.0,,3.0,8.0,1.0,8
2008,2610,OLY,Olympiacos,Olympiacos,Greece,Grecia,11,6.0,4.0,1.0,7.0,4.0,,8
2008,50149,SPO,Sporting CP,Sporting CP,Portugal,Portugal,9,4.0,1.0,2.0,2.0,7.0,1.0,6
2008,50064,POR,Porto,Porto,Portugal,Portugal,9,3.0,1.0,2.0,8.0,1.0,2.0,8
2008,52973,LAZ,Lazio,Lazio,Italy,Italia,8,5.0,3.0,,6.0,2.0,,6
2008,50040,BRM,Bremen,Bremen,Germany,Alemania,8,3.0,4.0,,7.0,1.0,1.0,6
2008,50107,STU,Stuttgart,Stuttgart,Germany,Alemania,7,5.0,2.0,,2.0,4.0,,6
2008,50121,RAN,Rangers,Rangers,Scotland,Escocia,7,3.0,2.0,1.0,2.0,5.0,1.0,6
2008,54266,CSM,CSKA Moskva,CSKA Moskva,Russia,Rusia,7,3.0,2.0,,4.0,2.0,1.0,6
2008,50050,CEL,Celtic,Celtic,Scotland,Escocia,7,3.0,1.0,2.0,1.0,6.0,,8
2008,57388,SCH,Schalke,Schalke,Germany,Alemania,6,4.0,2.0,,2.0,4.0,,10
2008,52748,MAR,Marseille,Marseille,France,Francia,6,4.0,1.0,1.0,2.0,4.0,,6
2008,52806,ROS,Rosenborg,Rosenborg,Norway,Noruega,6,3.0,1.0,2.0,3.0,3.0,,6
2008,52707,SHK,Shakhtar,Shakhtar,Ukraine,Ucrania,6,2.0,2.0,1.0,1.0,5.0,1.0,6
2008,52498,SLA,Slavia Praha,Slavia Praha,Czechia,Chequia,5,1.0,3.0,1.0,2.0,3.0,,6
2008,50147,BEN,Benfica,Benfica,Portugal,Portugal,5,1.0,3.0,1.0,2.0,3.0,,6
2008,52723,DKY,Dynamo Kyiv,Dynamo Kyiv,Ukraine,Ucrania,4,3.0,,1.0,1.0,3.0,,6
2008,50065,FCSB,FCSB,FCSB,Romania,Rumanía,4,2.0,,2.0,2.0,2.0,,6
2008,50157,BES,Beşiktaş,Beşiktaş,Türkiye,Turquía,4,1.0,2.0,,,2.0,,6
2008,50062,PSV,PSV,PSV,Netherlands,Holanda,3,2.0,,1.0,2.0,1.0,,6
2008,52268,VAL,Valencia,Valencia,Spain,España,2,2.0,,,2.0,,,6
2009,50080,BAR,Barcelona,Barcelona,Spain,España,32,16.0,10.0,3.0,21.0,9.0,2.0,13
2009,50037,BAY,Bayern München,Bayern München,Germany,Alemania,25,12.0,5.0,4.0,22.0,2.0,2.0,10
2009,7889,LIV,Liverpool,Liverpool,England,Inglaterra,21,10.0,3.0,3.0,9.0,10.0,4.0,10
2009,52914,CHE,Chelsea,Chelsea,England,Inglaterra,20,13.0,2.0,5.0,17.0,2.0,,12
2009,52682,MUN,Man Utd,Man Utd,England,Inglaterra,18,15.0,,3.0,8.0,9.0,,13
2009,5312,LYO,Lyon,Lyon,France,Francia,17,13.0,1.0,2.0,10.0,4.0,,8
2009,52280,ARS,Arsenal,Arsenal,England,Inglaterra,17,7.0,5.0,1.0,11.0,6.0,4.0,12
2009,50137,ROM,Roma,Roma,Italy,Italia,13,10.0,1.0,2.0,11.0,,,8
2009,70691,VIL,Villarreal,Villarreal,Spain,España,13,9.0,2.0,1.0,8.0,3.0,1.0,10
2009,50064,POR,Porto,Porto,Portugal,Portugal,13,5.0,3.0,3.0,8.0,3.0,,10
2009,52707,SHK,Shakhtar,Shakhtar,Ukraine,Ucrania,11,8.0,2.0,1.0,7.0,2.0,,6
2009,50124,ATM,Atleti,Atleti,Spain,España,11,7.0,4.0,,5.0,6.0,,8
2009,50084,PAN,Panathinaikos,Panathinaikos,Greece,Grecia,10,5.0,,3.0,6.0,3.0,1.0,8
2009,50149,SPO,Sporting CP,Sporting CP,Portugal,Portugal,9,5.0,3.0,,3.0,3.0,,8
2009,50139,JUV,Juventus,Juventus,Italy,Italia,9,4.0,2.0,2.0,4.0,3.0,,8
2009,50051,RMA,Real Madrid,Real Madrid,Spain,España,9,3.0,4.0,1.0,8.0,,,8
2009,54186,AAL,AaB,AaB,Denmark,Dinamarca,9,3.0,1.0,4.0,5.0,1.0,,6
2009,50138,INT,Inter,Inter,Italy,Italia,8,2.0,3.0,3.0,6.0,2.0,,8
2009,52897,ANO,Anorthosis,Anorthosis,Cyprus,Chipre,8,2.0,2.0,3.0,6.0,1.0,,6
2009,50040,BRM,Bremen,Bremen,Germany,Alemania,7,4.0,1.0,1.0,6.0,1.0,1.0,6
2009,52748,MAR,Marseille,Marseille,France,Francia,5,3.0,1.0,1.0,1.0,4.0,,6
2009,50127,BOR,Bordeaux,Bordeaux,France,Francia,5,2.0,1.0,1.0,2.0,1.0,,6
2009,50062,PSV,PSV,PSV,Netherlands,Holanda,5,2.0,,3.0,2.0,3.0,,6
2009,88131,CLU,CFR Cluj,CFR Cluj,Romania,Rumanía,5,,2.0,3.0,5.0,,,6
2009,52817,FIO,Fiorentina,Fiorentina,Italy,Italia,5,,1.0,4.0,3.0,2.0,,6
2009,52723,DKY,Dynamo Kyiv,Dynamo Kyiv,Ukraine,Ucrania,4,3.0,,,1.0,2.0,1.0,6
2009,52826,ZEN,Zenit,Zenit,Russia,Rusia,4,2.0,2.0,,3.0,2.0,,6
2009,50050,CEL,Celtic,Celtic,Scotland,Escocia,4,1.0,1.0,2.0,2.0,2.0,,6
2009,52692,FEN,Fenerbahçe,Fenerbahçe,Türkiye,Turquía,4,1.0,1.0,,,2.0,,6
2009,66168,BTE,BATE Borisov,BATE Borisov,Belarus,Bielorrusia,3,1.0,1.0,1.0,2.0,1.0,,6
2009,50065,FCSB,FCSB,FCSB,Romania,Rumanía,3,,,2.0,2.0,1.0,,6
2009,59856,BSL,Basel,Basel,Switzerland,Suiza,2,2.0,,,1.0,1.0,,6
2010,52280,ARS,Arsenal,Arsenal,England,Inglaterra,21,15.0,3.0,1.0,16.0,4.0,2.0,10
2010,50037,BAY,Bayern München,Bayern München,Germany,Alemania,21,9.0,7.0,2.0,14.0,5.0,2.0,13
2010,52682,MUN,Man Utd,Man Utd,England,Inglaterra,21,9.0,5.0,7.0,17.0,3.0,,10
2010,50080,BAR,Barcelona,Barcelona,Spain,España,20,10.0,10.0,,14.0,5.0,,12
2010,52817,FIO,Fiorentina,Fiorentina,Italy,Italia,18,11.0,3.0,3.0,14.0,4.0,1.0,8
2010,50138,INT,Inter,Inter,Italy,Italia,17,11.0,3.0,3.0,10.0,5.0,,13
2010,5312,LYO,Lyon,Lyon,France,Francia,17,4.0,10.0,2.0,10.0,6.0,1.0,12
2010,50051,RMA,Real Madrid,Real Madrid,Spain,España,16,8.0,7.0,,8.0,5.0,1.0,8
2010,50127,BOR,Bordeaux,Bordeaux,France,Francia,14,7.0,,7.0,12.0,1.0,,10
2010,54266,CSM,CSKA Moskva,CSKA Moskva,Russia,Rusia,13,8.0,3.0,2.0,9.0,3.0,,10
2010,52714,SEV,Sevilla,Sevilla,Spain,España,13,5.0,2.0,5.0,11.0,2.0,1.0,8
2010,52914,CHE,Chelsea,Chelsea,England,Inglaterra,12,7.0,1.0,3.0,7.0,4.0,,8
2010,52748,MAR,Marseille,Marseille,France,Francia,10,6.0,2.0,1.0,7.0,1.0,,6
2010,50058,MIL,Milan,Milan,Italy,Italia,10,6.0,2.0,,8.0,2.0,2.0,8
2010,50107,STU,Stuttgart,Stuttgart,Germany,Alemania,10,5.0,2.0,3.0,7.0,2.0,,8
2010,50064,POR,Porto,Porto,Portugal,Portugal,10,4.0,3.0,1.0,8.0,2.0,1.0,8
2010,64332,WOB,Wolfsburg,Wolfsburg,Germany,Alemania,9,4.0,2.0,2.0,7.0,2.0,1.0,6
2010,92507,URZ,Unirea Urziceni,Unirea Urziceni,Romania,Rumanía,8,3.0,2.0,,2.0,2.0,,6
2010,52165,STD,Standard Liège,Standard Liège,Belgium,Bélgica,7,4.0,,2.0,6.0,1.0,1.0,6
2010,52723,DKY,Dynamo Kyiv,Dynamo Kyiv,Ukraine,Ucrania,7,3.0,2.0,1.0,4.0,2.0,,6
2010,7889,LIV,Liverpool,Liverpool,England,Inglaterra,5,4.0,,1.0,4.0,1.0,,6
2010,52958,DEB,Debrecen,Debrecen,Hungary,Hungría,5,3.0,,2.0,3.0,2.0,,6
2010,2610,OLY,Olympiacos,Olympiacos,Greece,Grecia,5,1.0,1.0,3.0,3.0,2.0,,8
2010,51150,ZUR,Zürich,Zürich,Switzerland,Suiza,5,1.0,1.0,1.0,3.0,1.0,1.0,6
2010,52327,AZ,AZ Alkmaar,AZ Alkmaar,Netherlands,Holanda,4,3.0,1.0,,3.0,1.0,,6
2010,82818,RUB,Rubin,Rubin,Russia,Rusia,4,3.0,1.0,,2.0,1.0,,6
2010,50139,JUV,Juventus,Juventus,Italy,Italia,4,3.0,,1.0,3.0,1.0,,6
2010,50121,RAN,Rangers,Rangers,Scotland,Escocia,4,3.0,,,,3.0,,6
2010,50118,APO,APOEL,APOEL,Cyprus,Chipre,4,2.0,1.0,,,3.0,,6
2010,50124,ATM,Atleti,Atleti,Spain,España,3,3.0,,,2.0,,,6
2010,50157,BES,Beşiktaş,Beşiktaş,Türkiye,Turquía,3,2.0,1.0,,2.0,1.0,,6
2010,59045,MHA,Maccabi Haifa,Maccabi Haifa,Israel,Israel,0,,,,,,,6
2011,50080,BAR,Barcelona,Barcelona,Spain,España,30,13.0,12.0,1.0,23.0,5.0,2.0,13
2011,50051,RMA,Real Madrid,Real Madrid,Spain,España,25,12.0,7.0,3.0,19.0,3.0,1.0,12
2011,57388,SCH,Schalke,Schalke,Germany,Alemania,22,15.0,6.0,,20.0,,,12
2011,52280,ARS,Arsenal,Arsenal,England,Inglaterra,21,12.0,2.0,3.0,13.0,7.0,3.0,8
2011,50037,BAY,Bayern München,Bayern München,Germany,Alemania,19,15.0,1.0,,17.0,,1.0,8
2011,52682,MUN,Man Utd,Man Utd,England,Inglaterra,19,11.0,7.0,,17.0,2.0,1.0,13
2011,52707,SHK,Shakhtar,Shakhtar,Ukraine,Ucrania,19,10.0,7.0,1.0,16.0,2.0,1.0,10
2011,1652,TOT,Tottenham,Tottenham,England,Inglaterra,19,10.0,4.0,1.0,16.0,1.0,2.0,10
2011,50138,INT,Inter,Inter,Italy,Italia,18,11.0,6.0,,14.0,4.0,1.0,10
2011,52268,VAL,Valencia,Valencia,Spain,España,17,10.0,3.0,2.0,14.0,2.0,1.0,8
2011,52914,CHE,Chelsea,Chelsea,England,Inglaterra,17,8.0,5.0,2.0,15.0,2.0,2.0,10
2011,52748,MAR,Marseille,Marseille,France,Francia,13,4.0,4.0,4.0,8.0,4.0,,8
2011,50137,ROM,Roma,Roma,Italy,Italia,12,5.0,4.0,,9.0,2.0,2.0,8
2011,5312,LYO,Lyon,Lyon,France,Francia,12,4.0,5.0,2.0,11.0,1.0,1.0,8
2011,52818,TWE,Twente,Twente,Netherlands,Holanda,9,3.0,2.0,2.0,5.0,1.0,1.0,6
2011,59856,BSL,Basel,Basel,Switzerland,Suiza,8,3.0,3.0,2.0,7.0,1.0,,6
2011,50058,MIL,Milan,Milan,Italy,Italia,7,5.0,1.0,1.0,6.0,1.0,,8
2011,50068,SPM,Spartak Moskva,Spartak Moskva,Russia,Rusia,7,4.0,1.0,1.0,6.0,,,6
2011,52709,CPH,Copenhagen,Copenhagen,Denmark,Dinamarca,7,4.0,,1.0,3.0,2.0,1.0,8
2011,59869,HTA,H. Tel Aviv,H. Tel Aviv,Israel,Israel,7,3.0,2.0,1.0,7.0,,1.0,6
2011,50147,BEN,Benfica,Benfica,Portugal,Portugal,7,2.0,2.0,3.0,6.0,1.0,,6
2011,50143,AJX,Ajax,Ajax,Netherlands,Holanda,6,5.0,,1.0,3.0,3.0,,6
2011,50040,BRM,Bremen,Bremen,Germany,Alemania,6,3.0,1.0,2.0,3.0,3.0,,6
2011,88131,CLU,CFR Cluj,CFR Cluj,Romania,Rumanía,6,,1.0,5.0,6.0,,,6
2011,52336,BRA,Braga,Braga,Portugal,Portugal,5,1.0,3.0,1.0,4.0,,,6
2011,52269,AJA,Auxerre,Auxerre,France,Francia,3,2.0,1.0,,1.0,1.0,,6
2011,61601,ZIL,Žilina,Žilina,Slovakia,Eslovaquia,3,2.0,,1.0,2.0,1.0,,6
2011,50121,RAN,Rangers,Rangers,Scotland,Escocia,3,1.0,1.0,1.0,3.0,,,6
2011,52695,BUR,Bursaspor,Bursaspor,Türkiye,Turquía,2,2.0,,,2.0,,,6
2011,50162,PRT,Partizan,Partizan,Serbia,Serbia,2,1.0,,,1.0,1.0,1.0,6
2011,50084,PAN,Panathinaikos,Panathinaikos,Greece,Grecia,2,1.0,,,1.0,,,6
2011,82818,RUB,Rubin,Rubin,Russia,Rusia,2,,,,2.0,,2.0,6
2012,50051,RMA,Real Madrid,Real Madrid,Spain,España,35,24.0,7.0,,27.0,5.0,2.0,12
2012,50080,BAR,Barcelona,Barcelona,Spain,España,35,13.0,10.0,3.0,29.0,1.0,5.0,12
2012,50037,BAY,Bayern München,Bayern München,Germany,Alemania,26,10.0,8.0,1.0,23.0,1.0,1.0,13
2012,52914,CHE,Chelsea,Chelsea,England,Inglaterra,25,12.0,6.0,5.0,20.0,3.0,2.0,13
2012,50058,MIL,Milan,Milan,Italy,Italia,16,10.0,2.0,2.0,13.0,2.0,2.0,10
2012,50136,NAP,Napoli,Napoli,Italy,Italia,14,6.0,2.0,4.0,11.0,2.0,1.0,8
2012,50147,BEN,Benfica,Benfica,Portugal,Portugal,13,7.0,4.0,1.0,10.0,,,10
2012,52268,VAL,Valencia,Valencia,Spain,España,12,6.0,3.0,2.0,10.0,2.0,1.0,6
2012,59856,BSL,Basel,Basel,Switzerland,Suiza,12,3.0,4.0,3.0,11.0,1.0,2.0,8
2012,54266,CSM,CSKA Moskva,CSKA Moskva,Russia,Rusia,11,5.0,4.0,1.0,8.0,1.0,,8
2012,52682,MUN,Man Utd,Man Utd,England,Inglaterra,11,4.0,2.0,2.0,10.0,,2.0,6
2012,5312,LYO,Lyon,Lyon,France,Francia,10,8.0,1.0,,9.0,1.0,,8
2012,52826,ZEN,Zenit,Zenit,Russia,Rusia,10,6.0,3.0,1.0,9.0,1.0,,8
2012,52280,ARS,Arsenal,Arsenal,England,Inglaterra,10,6.0,1.0,2.0,9.0,,1.0,8
2012,50138,INT,Inter,Inter,Italy,Italia,10,5.0,2.0,1.0,8.0,,1.0,8
2012,50109,LEV,Leverkusen,Leverkusen,Germany,Alemania,10,3.0,3.0,4.0,9.0,1.0,,8
2012,52919,MCI,Man City,Man City,England,Inglaterra,9,5.0,2.0,,6.0,2.0,1.0,6
2012,50118,APO,APOEL,APOEL,Cyprus,Chipre,9,3.0,4.0,,7.0,1.0,2.0,10
2012,52748,MAR,Marseille,Marseille,France,Francia,9,3.0,2.0,3.0,8.0,1.0,1.0,10
2012,2610,OLY,Olympiacos,Olympiacos,Greece,Grecia,8,2.0,3.0,3.0,7.0,1.0,,6
2012,50064,POR,Porto,Porto,Portugal,Portugal,7,3.0,2.0,,4.0,1.0,1.0,6
2012,52707,SHK,Shakhtar,Shakhtar,Ukraine,Ucrania,6,6.0,,,5.0,1.0,,6
2012,75797,LIL,Lille,Lille,France,Francia,6,5.0,,,4.0,1.0,,6
2012,52758,BVB,B. Dortmund,B. Dortmund,Germany,Alemania,6,4.0,1.0,,3.0,3.0,1.0,6
2012,50143,AJX,Ajax,Ajax,Netherlands,Holanda,6,3.0,3.0,,6.0,,,6
2012,64388,PLZ,Viktoria Plzeň,Viktoria Plzeň,Czechia,Chequia,4,3.0,1.0,,4.0,,,6
2012,50151,OTE,Oţelul,Oţelul,Romania,Rumanía,3,2.0,1.0,,3.0,,,6
2012,52731,TRA,Trabzonspor,Trabzonspor,Türkiye,Turquía,3,1.0,1.0,,2.0,1.0,1.0,6
2012,50164,DIN,GNK Dinamo,GNK Dinamo,Croatia,Croacia,3,1.0,,1.0,3.0,,,6
2012,70691,VIL,Villarreal,Villarreal,Spain,España,2,1.0,1.0,,2.0,,,6
2012,61582,GEN,Genk,Genk,Belgium,Bélgica,2,1.0,1.0,,2.0,,,6
2012,66168,BTE,BATE Borisov,BATE Borisov,Belarus,Bielorrusia,2,,1.0,,2.0,,1.0,6
2013,50037,BAY,Bayern München,Bayern München,Germany,Alemania,31,16.0,8.0,5.0,24.0,6.0,1.0,13
2013,50051,RMA,Real Madrid,Real Madrid,Spain,España,26,16.0,6.0,4.0,17.0,10.0,,12
2013,52758,BVB,B. Dortmund,B. Dortmund,Germany,Alemania,24,16.0,3.0,2.0,22.0,1.0,2.0,13
2013,52747,PSG,Paris,Paris,France,Francia,20,12.0,6.0,1.0,19.0,1.0,1.0,10
2013,50080,BAR,Barcelona,Barcelona,Spain,España,18,5.0,11.0,1.0,12.0,6.0,1.0,12
2013,50139,JUV,Juventus,Juventus,Italy,Italia,17,12.0,3.0,1.0,13.0,3.0,,10
2013,52914,CHE,Chelsea,Chelsea,England,Inglaterra,16,10.0,3.0,2.0,11.0,5.0,1.0,6
2013,74069,MAL,Málaga,Málaga,Spain,España,16,7.0,7.0,1.0,11.0,5.0,1.0,10
2013,52707,SHK,Shakhtar,Shakhtar,Ukraine,Ucrania,14,12.0,2.0,,12.0,2.0,,8
2013,50067,GAL,Galatasaray,Galatasaray,Türkiye,Turquía,14,7.0,3.0,4.0,12.0,2.0,,10
2013,52268,VAL,Valencia,Valencia,Spain,España,14,7.0,3.0,1.0,11.0,3.0,3.0,8
2013,57388,SCH,Schalke,Schalke,Germany,Alemania,13,6.0,4.0,2.0,12.0,1.0,1.0,8
2013,52280,ARS,Arsenal,Arsenal,England,Inglaterra,13,4.0,4.0,3.0,10.0,3.0,,8
2013,50064,POR,Porto,Porto,Portugal,Portugal,11,7.0,3.0,1.0,10.0,,,8
2013,52682,MUN,Man Utd,Man Utd,England,Inglaterra,11,,5.0,4.0,9.0,1.0,1.0,8
2013,66168,BTE,BATE Borisov,BATE Borisov,Belarus,Bielorrusia,9,7.0,2.0,,6.0,2.0,,6
2013,88131,CLU,CFR Cluj,CFR Cluj,Romania,Rumanía,9,7.0,1.0,,6.0,2.0,,6
2013,2610,OLY,Olympiacos,Olympiacos,Greece,Grecia,9,5.0,3.0,1.0,8.0,1.0,,6
2013,50058,MIL,Milan,Milan,Italy,Italia,9,4.0,3.0,1.0,6.0,2.0,,8
2013,50050,CEL,Celtic,Celtic,Scotland,Escocia,9,3.0,,4.0,7.0,1.0,1.0,8
2013,50143,AJX,Ajax,Ajax,Netherlands,Holanda,8,3.0,2.0,3.0,5.0,3.0,,6
2013,50068,SPM,Spartak Moskva,Spartak Moskva,Russia,Rusia,7,5.0,,,4.0,1.0,,6
2013,52336,BRA,Braga,Braga,Portugal,Portugal,7,4.0,1.0,1.0,5.0,2.0,1.0,6
2013,52919,MCI,Man City,Man City,England,Inglaterra,7,3.0,2.0,,6.0,1.0,2.0,6
2013,50128,MON,Montpellier,Montpellier,France,Francia,6,3.0,1.0,,4.0,2.0,2.0,6
2013,52826,ZEN,Zenit,Zenit,Russia,Rusia,6,2.0,2.0,1.0,6.0,1.0,1.0,6
2013,52723,DKY,Dynamo Kyiv,Dynamo Kyiv,Ukraine,Ucrania,6,,3.0,2.0,3.0,2.0,,6
2013,50147,BEN,Benfica,Benfica,Portugal,Portugal,5,2.0,1.0,2.0,5.0,,,6
2013,79940,NRS,Nordsjælland,Nordsjælland,Denmark,Dinamarca,4,4.0,,,3.0,,,6
2013,50074,AND,Anderlecht,Anderlecht,Belgium,Bélgica,4,2.0,2.0,,4.0,,,6
2013,75797,LIL,Lille,Lille,France,Francia,4,2.0,1.0,1.0,2.0,2.0,,6
2013,50164,DIN,GNK Dinamo,GNK Dinamo,Croatia,Croacia,1,,,,1.0,,1.0,6
2014,50051,RMA,Real Madrid,Real Madrid,Spain,España,41,18.0,15.0,6.0,35.0,6.0,2.0,13
2014,50124,ATM,Atleti,Atleti,Spain,España,26,13.0,6.0,5.0,22.0,5.0,1.0,13
2014,52747,PSG,Paris,Paris,France,Francia,25,7.0,11.0,5.0,20.0,4.0,1.0,10
2014,50037,BAY,Bayern München,Bayern München,Germany,Alemania,24,9.0,9.0,4.0,20.0,4.0,2.0,12
2014,50080,BAR,Barcelona,Barcelona,Spain,España,21,6.0,8.0,3.0,19.0,2.0,3.0,10
2014,52914,CHE,Chelsea,Chelsea,England,Inglaterra,19,13.0,3.0,1.0,16.0,3.0,1.0,12
2014,52919,MCI,Man City,Man City,England,Inglaterra,19,6.0,7.0,3.0,17.0,2.0,3.0,8
2014,52758,BVB,B. Dortmund,B. Dortmund,Germany,Alemania,18,11.0,3.0,1.0,16.0,1.0,2.0,10
2014,52682,MUN,Man Utd,Man Utd,England,Inglaterra,17,7.0,2.0,1.0,12.0,3.0,1.0,10
2014,2610,OLY,Olympiacos,Olympiacos,Greece,Grecia,12,6.0,4.0,1.0,10.0,2.0,1.0,8
2014,50136,NAP,Napoli,Napoli,Italy,Italia,10,6.0,3.0,1.0,7.0,4.0,,6
2014,50109,LEV,Leverkusen,Leverkusen,Germany,Alemania,10,4.0,2.0,2.0,7.0,4.0,1.0,8
2014,50067,GAL,Galatasaray,Galatasaray,Türkiye,Turquía,9,8.0,,1.0,9.0,,,8
2014,50058,MIL,Milan,Milan,Italy,Italia,9,3.0,1.0,2.0,7.0,,1.0,8
2014,52280,ARS,Arsenal,Arsenal,England,Inglaterra,9,2.0,6.0,1.0,9.0,,,8
2014,52826,ZEN,Zenit,Zenit,Russia,Rusia,9,1.0,4.0,2.0,5.0,3.0,1.0,8
2014,50139,JUV,Juventus,Juventus,Italy,Italia,9,1.0,1.0,3.0,9.0,,4.0,6
2014,57388,SCH,Schalke,Schalke,Germany,Alemania,8,8.0,,,4.0,4.0,,8
2014,50147,BEN,Benfica,Benfica,Portugal,Portugal,8,2.0,3.0,1.0,7.0,,1.0,6
2014,54266,CSM,CSKA Moskva,CSKA Moskva,Russia,Rusia,8,,4.0,1.0,7.0,,2.0,6
2014,52707,SHK,Shakhtar,Shakhtar,Ukraine,Ucrania,7,4.0,2.0,1.0,5.0,2.0,,6
2014,64388,PLZ,Viktoria Plzeň,Viktoria Plzeň,Czechia,Chequia,6,4.0,,2.0,5.0,2.0,,6
2014,50110,AUS,Austria Wien,Austria Wien,Austria,Austria,5,4.0,1.0,,4.0,1.0,,6
2014,50143,AJX,Ajax,Ajax,Netherlands,Holanda,5,3.0,1.0,1.0,4.0,1.0,,6
2014,59856,BSL,Basel,Basel,Switzerland,Suiza,5,2.0,2.0,1.0,4.0,1.0,,6
2014,52748,MAR,Marseille,Marseille,France,Francia,5,,2.0,2.0,5.0,,1.0,6
2014,50074,AND,Anderlecht,Anderlecht,Belgium,Bélgica,4,4.0,,,4.0,1.0,,6
2014,52709,CPH,Copenhagen,Copenhagen,Denmark,Dinamarca,4,2.0,2.0,,4.0,,,6
2014,50064,POR,Porto,Porto,Portugal,Portugal,4,1.0,,2.0,4.0,,,6
2014,50050,CEL,Celtic,Celtic,Scotland,Escocia,3,1.0,,1.0,2.0,2.0,1.0,6
2014,50065,FCSB,FCSB,FCSB,Romania,Rumanía,2,1.0,1.0,,2.0,1.0,,6
2014,50123,RSO,Real Sociedad,Real Sociedad,Spain,España,1,,1.0,,1.0,1.0,,6
2015,50037,BAY,Bayern München,Bayern München,Germany,Alemania,33,23.0,2.0,8.0,26.0,7.0,4.0,12
2015,50080,BAR,Barcelona,Barcelona,Spain,España,31,17.0,11.0,3.0,23.0,2.0,0.0,13
2015,50064,POR,Porto,Porto,Portugal,Portugal,25,16.0,7.0,2.0,17.0,8.0,3.0,10
2015,50051,RMA,Real Madrid,Real Madrid,Spain,España,24,12.0,5.0,6.0,19.0,2.0,3.0,12
2015,52914,CHE,Chelsea,Chelsea,England,Inglaterra,20,11.0,3.0,4.0,15.0,3.0,4.0,8
2015,52280,ARS,Arsenal,Arsenal,England,Inglaterra,18,12.0,6.0,0.0,12.0,6.0,1.0,8
2015,50139,JUV,Juventus,Juventus,Italy,Italia,17,12.0,4.0,0.0,6.0,6.0,2.0,13
2015,52707,SHK,Shakhtar,Shakhtar,Ukraine,Ucrania,15,13.0,1.0,1.0,15.0,,3.0,8
2015,52758,BVB,B. Dortmund,B. Dortmund,Germany,Alemania,15,12.0,2.0,0.0,12.0,2.0,0.0,8
2015,50124,ATM,Atleti,Atleti,Spain,España,15,4.0,6.0,4.0,11.0,4.0,0.0,10
2015,52747,PSG,Paris,Paris,France,Francia,14,4.0,5.0,4.0,11.0,2.0,0.0,10
2015,57388,SCH,Schalke,Schalke,Germany,Alemania,13,6.0,4.0,2.0,10.0,3.0,1.0,8
2015,50149,SPO,Sporting CP,Sporting CP,Portugal,Portugal,12,7.0,3.0,2.0,8.0,4.0,1.0,6
2015,52919,MCI,Man City,Man City,England,Inglaterra,10,8.0,2.0,0.0,8.0,2.0,2.0,8
2015,2610,OLY,Olympiacos,Olympiacos,Greece,Grecia,10,3.0,4.0,3.0,7.0,3.0,0.0,6
2015,50109,LEV,Leverkusen,Leverkusen,Germany,Alemania,8,6.0,1.0,1.0,6.0,2.0,1.0,8
2015,59856,BSL,Basel,Basel,Switzerland,Suiza,8,5.0,3.0,0.0,5.0,3.0,0.0,8
2015,50143,AJX,Ajax,Ajax,Netherlands,Holanda,8,5.0,1.0,2.0,6.0,2.0,1.0,6
2015,50137,ROM,Roma,Roma,Italy,Italia,8,4.0,2.0,1.0,6.0,1.0,0.0,6
2015,50074,AND,Anderlecht,Anderlecht,Belgium,Bélgica,8,3.0,1.0,4.0,6.0,2.0,1.0,6
2015,50023,MON,Monaco,Monaco,France,Francia,7,2.0,4.0,1.0,6.0,1.0,0.0,10
2015,54266,CSM,CSKA Moskva,CSKA Moskva,Russia,Rusia,6,3.0,2.0,1.0,5.0,1.0,1.0,6
2015,50125,ATH,Athletic Club,Athletic Club,Spain,España,5,5.0,0.0,0.0,5.0,,0.0,6
2015,7889,LIV,Liverpool,Liverpool,England,Inglaterra,5,4.0,0.0,1.0,4.0,1.0,1.0,6
2015,2603104,LUD,Ludogorets,Ludogorets,Bulgaria,Bulgaria,5,2.0,1.0,2.0,4.0,1.0,0.0,6
2015,50152,MAL,Malmö,Malmö,Sweden,Suecia,4,2.0,2.0,0.0,4.0,,0.0,6
2015,52826,ZEN,Zenit,Zenit,Russia,Rusia,4,2.0,1.0,1.0,4.0,,0.0,6
2015,50067,GAL,Galatasaray,Galatasaray,Türkiye,Turquía,4,2.0,1.0,1.0,2.0,2.0,1.0,6
2015,57490,MRB,Maribor,Maribor,Slovenia,Eslovenia,4,1.0,1.0,1.0,3.0,1.0,0.0,6
2015,66168,BTE,BATE Borisov,BATE Borisov,Belarus,Bielorrusia,2,1.0,1.0,0.0,2.0,,0.0,6
2015,50147,BEN,Benfica,Benfica,Portugal,Portugal,2,0.0,2.0,0.0,2.0,,0.0,6
2015,50118,APO,APOEL,APOEL,Cyprus,Chipre,1,0.0,1.0,0.0,1.0,,1.0,6
2016,50037,BAY,Bayern München,Bayern München,Germany,Alemania,30,14.0,9.0,7.0,25.0,5.0,1.0,12
2016,50051,RMA,Real Madrid,Real Madrid,Spain,España,28,16.0,7.0,4.0,24.0,3.0,2.0,13
2016,50080,BAR,Barcelona,Barcelona,Spain,España,22,10.0,10.0,2.0,21.0,1.0,3.0,10
2016,52747,PSG,Paris,Paris,France,Francia,18,10.0,3.0,4.0,13.0,4.0,0.0,10
2016,52919,MCI,Man City,Man City,England,Inglaterra,18,9.0,6.0,1.0,16.0,1.0,1.0,12
2016,50124,ATM,Atleti,Atleti,Spain,España,17,5.0,8.0,2.0,15.0,1.0,1.0,13
2016,64332,WOB,Wolfsburg,Wolfsburg,Germany,Alemania,15,10.0,2.0,2.0,15.0,0.0,1.0,10
2016,52914,CHE,Chelsea,Chelsea,England,Inglaterra,15,9.0,2.0,2.0,9.0,4.0,1.0,8
2016,50147,BEN,Benfica,Benfica,Portugal,Portugal,15,6.0,5.0,4.0,14.0,1.0,0.0,10
2016,52826,ZEN,Zenit,Zenit,Russia,Rusia,14,9.0,3.0,2.0,10.0,4.0,0.0,8
2016,50109,LEV,Leverkusen,Leverkusen,Germany,Alemania,13,8.0,4.0,1.0,11.0,2.0,2.0,6
2016,52280,ARS,Arsenal,Arsenal,England,Inglaterra,13,6.0,3.0,3.0,12.0,1.0,1.0,8
2016,50137,ROM,Roma,Roma,Italy,Italia,11,6.0,3.0,1.0,8.0,3.0,1.0,8
2016,50139,JUV,Juventus,Juventus,Italy,Italia,10,7.0,2.0,1.0,8.0,1.0,0.0,8
2016,4608,GNT,Gent,Gent,Belgium,Bélgica,10,5.0,2.0,3.0,10.0,1.0,1.0,8
2016,52723,DKY,Dynamo Kyiv,Dynamo Kyiv,Ukraine,Ucrania,9,5.0,3.0,1.0,9.0,1.0,1.0,8
2016,50064,POR,Porto,Porto,Portugal,Portugal,9,4.0,1.0,4.0,10.0,0.0,0.0,6
2016,52757,MON,Mönchengladbach,Mönchengladbach,Germany,Alemania,8,8.0,0.0,0.0,7.0,1.0,0.0,6
2016,52714,SEV,Sevilla,Sevilla,Spain,España,8,6.0,0.0,2.0,8.0,1.0,3.0,6
2016,50062,PSV,PSV,PSV,Netherlands,Holanda,8,4.0,2.0,2.0,7.0,1.0,0.0,8
2016,52707,SHK,Shakhtar,Shakhtar,Ukraine,Ucrania,7,4.0,0.0,2.0,7.0,0.0,2.0,6
2016,52682,MUN,Man Utd,Man Utd,England,Inglaterra,7,2.0,2.0,2.0,6.0,0.0,1.0,6
2016,50067,GAL,Galatasaray,Galatasaray,Türkiye,Turquía,6,2.0,3.0,0.0,4.0,1.0,1.0,6
2016,2610,OLY,Olympiacos,Olympiacos,Greece,Grecia,6,2.0,3.0,0.0,3.0,2.0,0.0,6
2016,54266,CSM,CSKA Moskva,CSKA Moskva,Russia,Rusia,5,4.0,0.0,1.0,6.0,0.0,2.0,6
2016,52268,VAL,Valencia,Valencia,Spain,España,5,3.0,1.0,0.0,2.0,2.0,0.0,6
2016,66168,BTE,BATE Borisov,BATE Borisov,Belarus,Bielorrusia,5,1.0,2.0,2.0,3.0,2.0,0.0,6
2016,5312,LYO,Lyon,Lyon,France,Francia,5,1.0,2.0,1.0,5.0,0.0,0.0,6
2016,2600605,AST,Astana,Astana,Kazakhstan,Kazajstán,5,1.0,0.0,2.0,4.0,0.0,0.0,6
2016,50164,DIN,GNK Dinamo,GNK Dinamo,Croatia,Croacia,3,0.0,0.0,2.0,3.0,0.0,0.0,6
2016,57477,MTA,M. Tel-Aviv,M. Tel-Aviv,Israel,Israel,1,1.0,0.0,0.0,1.0,0.0,1.0,6
2016,50152,MAL,Malmö,Malmö,Sweden,Suecia,1,1.0,0.0,0.0,1.0,0.0,0.0,6
2017,50051,RMA,Real Madrid,Real Madrid,Spain,España,36,20.0,7.0,7.0,27.0,7.0,0.0,13
2017,52758,BVB,B. Dortmund,B. Dortmund,Germany,Alemania,28,11.0,9.0,6.0,24.0,3.0,0.0,10
2017,50037,BAY,Bayern München,Bayern München,Germany,Alemania,27,11.0,9.0,6.0,22.0,4.0,4.0,10
2017,50080,BAR,Barcelona,Barcelona,Spain,España,26,11.0,12.0,2.0,21.0,4.0,3.0,10
2017,50139,JUV,Juventus,Juventus,Italy,Italia,22,11.0,9.0,2.0,16.0,6.0,3.0,13
2017,50023,MON,Monaco,Monaco,France,Francia,22,11.0,5.0,4.0,19.0,2.0,0.0,12
2017,52280,ARS,Arsenal,Arsenal,England,Inglaterra,20,11.0,6.0,2.0,16.0,3.0,1.0,8
2017,52747,PSG,Paris,Paris,France,Francia,18,11.0,4.0,2.0,13.0,4.0,1.0,8
2017,52919,MCI,Man City,Man City,England,Inglaterra,18,10.0,8.0,0.0,16.0,2.0,1.0,8
2017,50124,ATM,Atleti,Atleti,Spain,España,15,3.0,9.0,3.0,13.0,2.0,3.0,12
2017,50136,NAP,Napoli,Napoli,Italy,Italia,13,4.0,6.0,3.0,10.0,3.0,2.0,8
2017,50147,BEN,Benfica,Benfica,Portugal,Portugal,11,4.0,7.0,0.0,10.0,1.0,2.0,8
2017,53577,LEI,Leicester,Leicester,England,Inglaterra,11,3.0,6.0,1.0,10.0,1.0,2.0,10
2017,50109,LEV,Leverkusen,Leverkusen,Germany,Alemania,10,6.0,1.0,1.0,6.0,2.0,1.0,8
2017,50146,LEG,Legia Warszawa,Legia Warszawa,Poland,Polonia,9,8.0,1.0,0.0,6.0,3.0,1.0,6
2017,50157,BES,Beşiktaş,Beşiktaş,Türkiye,Turquía,9,5.0,3.0,1.0,7.0,2.0,2.0,6
2017,50064,POR,Porto,Porto,Portugal,Portugal,9,5.0,1.0,2.0,7.0,2.0,2.0,8
2017,52714,SEV,Sevilla,Sevilla,Spain,España,9,4.0,2.0,3.0,8.0,1.0,0.0,8
2017,52723,DKY,Dynamo Kyiv,Dynamo Kyiv,Ukraine,Ucrania,8,4.0,3.0,0.0,6.0,2.0,1.0,6
2017,52709,CPH,Copenhagen,Copenhagen,Denmark,Dinamarca,7,0.0,2.0,3.0,4.0,1.0,0.0,6
2017,64500,ROS,Rostov,Rostov,Russia,Rusia,6,6.0,0.0,0.0,4.0,2.0,1.0,6
2017,1652,TOT,Tottenham,Tottenham,England,Inglaterra,6,4.0,0.0,1.0,5.0,,1.0,6
2017,2603104,LUD,Ludogorets,Ludogorets,Bulgaria,Bulgaria,6,2.0,3.0,1.0,3.0,3.0,0.0,6
2017,52757,MON,Mönchengladbach,Mönchengladbach,Germany,Alemania,5,5.0,0.0,0.0,5.0,,0.0,6
2017,54266,CSM,CSKA Moskva,CSKA Moskva,Russia,Rusia,5,3.0,2.0,0.0,5.0,,1.0,6
2017,50149,SPO,Sporting CP,Sporting CP,Portugal,Portugal,5,2.0,3.0,0.0,5.0,,1.0,6
2017,50050,CEL,Celtic,Celtic,Scotland,Escocia,5,2.0,1.0,0.0,4.0,,1.0,6
2017,5312,LYO,Lyon,Lyon,France,Francia,5,1.0,2.0,2.0,5.0,,0.0,6
2017,50062,PSV,PSV,PSV,Netherlands,Holanda,4,2.0,0.0,2.0,3.0,1.0,0.0,6
2017,59856,BSL,Basel,Basel,Switzerland,Suiza,3,1.0,2.0,0.0,2.0,1.0,0.0,6
2017,50043,BRU,Club Brugge,Club Brugge,Belgium,Bélgica,2,2.0,0.0,0.0,2.0,,0.0,6
2017,50164,DIN,GNK Dinamo,GNK Dinamo,Croatia,Croacia,0,0.0,0.0,0.0,,,0.0,6
2018,7889,LIV,Liverpool,Liverpool,England,Inglaterra,41,20.0,15.0,5.0,36.0,6.0,1.0,13
2018,50051,RMA,Real Madrid,Real Madrid,Spain,España,33,20.0,8.0,3.0,29.0,5.0,4.0,13
2018,52747,PSG,Paris,Paris,France,Francia,27,16.0,5.0,4.0,22.0,4.0,1.0,8
2018,50037,BAY,Bayern München,Bayern München,Germany,Alemania,26,13.0,4.0,6.0,23.0,1.0,1.0,12
2018,50137,ROM,Roma,Roma,Italy,Italia,21,11.0,5.0,4.0,17.0,5.0,3.0,12
2018,52919,MCI,Man City,Man City,England,Inglaterra,20,12.0,3.0,5.0,14.0,6.0,1.0,10
2018,1652,TOT,Tottenham,Tottenham,England,Inglaterra,18,8.0,8.0,1.0,14.0,3.0,0.0,8
2018,52914,CHE,Chelsea,Chelsea,England,Inglaterra,17,11.0,1.0,3.0,9.0,6.0,2.0,8
2018,50080,BAR,Barcelona,Barcelona,Spain,España,17,3.0,8.0,1.0,11.0,1.0,0.0,10
2018,50064,POR,Porto,Porto,Portugal,Portugal,15,9.0,3.0,2.0,12.0,2.0,0.0,8
2018,52714,SEV,Sevilla,Sevilla,Spain,España,15,6.0,6.0,3.0,14.0,2.0,2.0,10
2018,50139,JUV,Juventus,Juventus,Italy,Italia,14,6.0,4.0,3.0,14.0,1.0,1.0,10
2018,59856,BSL,Basel,Basel,Switzerland,Suiza,13,10.0,1.0,2.0,9.0,4.0,1.0,8
2018,52682,MUN,Man Utd,Man Utd,England,Inglaterra,13,4.0,5.0,3.0,11.0,1.0,2.0,8
2018,50157,BES,Beşiktaş,Beşiktaş,Türkiye,Turquía,12,3.0,6.0,3.0,11.0,3.0,2.0,8
2018,50136,NAP,Napoli,Napoli,Italy,Italia,11,9.0,1.0,1.0,9.0,2.0,3.0,6
2018,52707,SHK,Shakhtar,Shakhtar,Ukraine,Ucrania,11,5.0,4.0,2.0,8.0,3.0,0.0,8
2018,2603790,RBL,Leipzig,Leipzig,Germany,Alemania,10,7.0,2.0,0.0,7.0,2.0,1.0,6
2018,50068,SPM,Spartak Moskva,Spartak Moskva,Russia,Rusia,9,5.0,3.0,1.0,7.0,2.0,0.0,6
2018,54266,CSM,CSKA Moskva,CSKA Moskva,Russia,Rusia,8,4.0,3.0,0.0,5.0,2.0,1.0,6
2018,50149,SPO,Sporting CP,Sporting CP,Portugal,Portugal,8,4.0,1.0,2.0,7.0,2.0,0.0,6
2018,52758,BVB,B. Dortmund,B. Dortmund,Germany,Alemania,7,3.0,2.0,2.0,6.0,1.0,0.0,6
2018,50023,MON,Monaco,Monaco,France,Francia,6,3.0,1.0,2.0,6.0,1.0,1.0,6
2018,50050,CEL,Celtic,Celtic,Scotland,Escocia,5,2.0,3.0,0.0,7.0,0.0,0.0,6
2018,50124,ATM,Atleti,Atleti,Spain,España,5,2.0,2.0,1.0,5.0,1.0,1.0,6
2018,52749,FEY,Feyenoord,Feyenoord,Netherlands,Holanda,5,0.0,1.0,4.0,5.0,0.0,0.0,6
2018,2610,OLY,Olympiacos,Olympiacos,Greece,Grecia,4,2.0,1.0,1.0,5.0,0.0,0.0,6
2018,57490,MRB,Maribor,Maribor,Slovenia,Eslovenia,3,2.0,0.0,1.0,3.0,0.0,0.0,6
2018,50118,APO,APOEL,APOEL,Cyprus,Chipre,2,2.0,0.0,0.0,2.0,0.0,0.0,6
2018,60609,QAR,Qarabağ,Qarabağ,Azerbaijan,Azerbaiyán,2,1.0,0.0,1.0,2.0,1.0,0.0,6
2018,50074,AND,Anderlecht,Anderlecht,Belgium,Bélgica,2,1.0,0.0,0.0,1.0,0.0,0.0,6
2018,50147,BEN,Benfica,Benfica,Portugal,Portugal,1,0.0,1.0,0.0,3.0,0.0,0.0,6
2019,52919,MCI,Man City,Man City,England,Inglaterra,30,14.0,13.0,3.0,25.0,5.0,3.0,10
2019,50080,BAR,Barcelona,Barcelona,Spain,España,26,10.0,15.0,0.0,18.0,7.0,1.0,12
2019,7889,LIV,Liverpool,Liverpool,England,Inglaterra,24,13.0,5.0,6.0,24.0,,4.0,13
2019,50143,AJX,Ajax,Ajax,Netherlands,Holanda,22,9.0,11.0,2.0,20.0,2.0,2.0,12
2019,50064,POR,Porto,Porto,Portugal,Portugal,20,10.0,1.0,5.0,18.0,2.0,4.0,10
2019,52747,PSG,Paris,Paris,France,Francia,20,9.0,8.0,1.0,16.0,3.0,0.0,8
2019,1652,TOT,Tottenham,Tottenham,England,Inglaterra,20,8.0,8.0,3.0,17.0,2.0,0.0,13
2019,50037,BAY,Bayern München,Bayern München,Germany,Alemania,16,9.0,3.0,3.0,15.0,,2.0,8
2019,50051,RMA,Real Madrid,Real Madrid,Spain,España,15,6.0,6.0,3.0,13.0,1.0,0.0,8
2019,50137,ROM,Roma,Roma,Italy,Italia,14,6.0,6.0,2.0,12.0,1.0,1.0,8
2019,50139,JUV,Juventus,Juventus,Italy,Italia,14,5.0,5.0,4.0,12.0,1.0,3.0,10
2019,5312,LYO,Lyon,Lyon,France,Francia,13,5.0,7.0,1.0,11.0,2.0,0.0,8
2019,2600431,HOF,Hoffenheim,Hoffenheim,Germany,Alemania,11,6.0,2.0,3.0,9.0,2.0,1.0,6
2019,50124,ATM,Atleti,Atleti,Spain,España,11,5.0,5.0,1.0,10.0,1.0,0.0,8
2019,52758,BVB,B. Dortmund,B. Dortmund,Germany,Alemania,10,5.0,5.0,0.0,9.0,1.0,0.0,8
2019,52682,MUN,Man Utd,Man Utd,England,Inglaterra,10,4.0,4.0,1.0,9.0,,2.0,10
2019,54266,CSM,CSKA Moskva,CSKA Moskva,Russia,Rusia,8,5.0,2.0,0.0,8.0,,2.0,6
2019,52707,SHK,Shakhtar,Shakhtar,Ukraine,Ucrania,8,2.0,6.0,0.0,7.0,1.0,0.0,6
2019,57388,SCH,Schalke,Schalke,Germany,Alemania,8,1.0,6.0,1.0,7.0,1.0,3.0,8
2019,50136,NAP,Napoli,Napoli,Italy,Italia,7,5.0,1.0,0.0,6.0,1.0,0.0,6
2019,64388,PLZ,Viktoria Plzeň,Viktoria Plzeň,Czechia,Chequia,7,3.0,2.0,2.0,6.0,,0.0,6
2019,50043,BRU,Club Brugge,Club Brugge,Belgium,Bélgica,6,4.0,1.0,1.0,4.0,2.0,1.0,6
2019,52268,VAL,Valencia,Valencia,Spain,España,6,4.0,1.0,0.0,5.0,,0.0,6
2019,50138,INT,Inter,Inter,Italy,Italia,6,4.0,0.0,2.0,5.0,1.0,0.0,6
2019,50147,BEN,Benfica,Benfica,Portugal,Portugal,6,3.0,2.0,1.0,4.0,2.0,0.0,6
2019,50062,PSV,PSV,PSV,Netherlands,Holanda,6,3.0,0.0,3.0,5.0,1.0,0.0,6
2019,50067,GAL,Galatasaray,Galatasaray,Türkiye,Turquía,5,4.0,1.0,0.0,4.0,1.0,2.0,6
2019,50069,ZVE,Crvena Zvezda,Crvena Zvezda,Serbia,Serbia,5,3.0,1.0,1.0,4.0,1.0,0.0,6
2019,50031,YB,Young Boys,Young Boys,Switzerland,Suiza,4,4.0,0.0,0.0,3.0,1.0,2.0,6
2019,53065,LMO,Lokomotiv Moskva,Lokomotiv Moskva,Russia,Rusia,4,2.0,0.0,0.0,3.0,,0.0,6
2019,50129,AEK,AEK Athens,AEK Athens,Greece,Grecia,2,2.0,0.0,0.0,2.0,,0.0,6
2019,50023,MON,Monaco,Monaco,France,Francia,2,2.0,0.0,0.0,2.0,,0.0,6
2020,50037,BAY,Bayern München,Bayern München,Germany,Alemania,43,28.0,8.0,7.0,39.0,5.0,2.0,11
2020,52747,PSG,Paris,Paris,France,Francia,25,10.0,11.0,4.0,24.0,1.0,1.0,11
2020,52919,MCI,Man City,Man City,England,Inglaterra,21,15.0,4.0,2.0,21.0,0.0,2.0,9
2020,1652,TOT,Tottenham,Tottenham,England,Inglaterra,18,10.0,6.0,2.0,15.0,3.0,2.0,8
2020,52816,ATA,Atalanta,Atalanta,Italy,Italia,17,7.0,8.0,2.0,15.0,2.0,4.0,9
2020,2603790,RBL,Leipzig,Leipzig,Germany,Alemania,16,12.0,1.0,3.0,13.0,3.0,4.0,10
2020,50030,SAL,Salzburg,Salzburg,Austria,Austria,16,9.0,6.0,1.0,16.0,0.0,2.0,6
2020,50051,RMA,Real Madrid,Real Madrid,Spain,España,16,8.0,3.0,5.0,15.0,1.0,1.0,8
2020,7889,LIV,Liverpool,Liverpool,England,Inglaterra,15,8.0,3.0,3.0,12.0,3.0,0.0,8
2020,50080,BAR,Barcelona,Barcelona,Spain,España,15,5.0,7.0,1.0,11.0,2.0,1.0,9
2020,5312,LYO,Lyon,Lyon,France,Francia,14,7.0,6.0,1.0,12.0,2.0,2.0,10
2020,50139,JUV,Juventus,Juventus,Italy,Italia,14,5.0,8.0,1.0,10.0,4.0,1.0,8
2020,50136,NAP,Napoli,Napoli,Italy,Italia,13,11.0,2.0,0.0,11.0,2.0,4.0,8
2020,50124,ATM,Atleti,Atleti,Spain,España,13,9.0,1.0,3.0,12.0,2.0,2.0,9
2020,52268,VAL,Valencia,Valencia,Spain,España,13,6.0,5.0,1.0,8.0,4.0,1.0,8
2020,52914,CHE,Chelsea,Chelsea,England,Inglaterra,12,8.0,3.0,1.0,13.0,1.0,2.0,8
2020,50143,AJX,Ajax,Ajax,Netherlands,Holanda,12,5.0,2.0,3.0,8.0,2.0,0.0,6
2020,50164,DIN,GNK Dinamo,GNK Dinamo,Croatia,Croacia,10,7.0,1.0,2.0,9.0,1.0,1.0,6
2020,52758,BVB,B. Dortmund,B. Dortmund,Germany,Alemania,10,6.0,4.0,0.0,9.0,1.0,0.0,8
2020,50138,INT,Inter,Inter,Italy,Italia,10,6.0,2.0,0.0,9.0,1.0,0.0,6
2020,50147,BEN,Benfica,Benfica,Portugal,Portugal,10,4.0,5.0,0.0,8.0,2.0,1.0,6
2020,52707,SHK,Shakhtar,Shakhtar,Ukraine,Ucrania,8,5.0,2.0,1.0,8.0,0.0,1.0,6
2020,2610,OLY,Olympiacos,Olympiacos,Greece,Grecia,8,5.0,1.0,1.0,6.0,2.0,2.0,6
2020,52826,ZEN,Zenit,Zenit,Russia,Rusia,7,2.0,3.0,1.0,5.0,2.0,0.0,6
2020,61582,GEN,Genk,Genk,Belgium,Bélgica,5,2.0,0.0,3.0,5.0,0.0,0.0,6
2020,50109,LEV,Leverkusen,Leverkusen,Germany,Alemania,5,2.0,0.0,0.0,2.0,0.0,0.0,6
2020,52498,SLA,Slavia Praha,Slavia Praha,Czechia,Chequia,4,4.0,0.0,0.0,5.0,0.0,1.0,6
2020,53065,LMO,Lokomotiv Moskva,Lokomotiv Moskva,Russia,Rusia,4,2.0,2.0,0.0,4.0,2.0,0.0,6
2020,50043,BRU,Club Brugge,Club Brugge,Belgium,Bélgica,4,2.0,2.0,0.0,3.0,1.0,0.0,6
2020,75797,LIL,Lille,Lille,France,Francia,4,2.0,1.0,1.0,5.0,0.0,0.0,6
2020,50069,ZVE,Crvena Zvezda,Crvena Zvezda,Serbia,Serbia,3,0.0,1.0,2.0,3.0,0.0,0.0,6
2020,50067,GAL,Galatasaray,Galatasaray,Türkiye,Turquía,1,1.0,0.0,0.0,1.0,0.0,0.0,6
2021,50037,BAY,Bayern München,Bayern München,Germany,Alemania,27,13.0,4.0,8.0,22.0,3.0,3.0,10
2021,52919,MCI,Man City,Man City,England,Inglaterra,25,14.0,9.0,1.0,18.0,6.0,2.0,13
2021,52914,CHE,Chelsea,Chelsea,England,Inglaterra,23,13.0,7.0,3.0,23.0,0.0,5.0,13
2021,52747,PSG,Paris,Paris,France,Francia,22,13.0,5.0,3.0,19.0,2.0,3.0,12
2021,50051,RMA,Real Madrid,Real Madrid,Spain,España,19,11.0,4.0,3.0,15.0,3.0,2.0,12
2021,52758,BVB,B. Dortmund,B. Dortmund,Germany,Alemania,19,7.0,12.0,0.0,16.0,3.0,2.0,10
2021,50080,BAR,Barcelona,Barcelona,Spain,España,18,10.0,6.0,1.0,16.0,2.0,6.0,8
2021,50139,JUV,Juventus,Juventus,Italy,Italia,18,8.0,4.0,5.0,16.0,1.0,2.0,8
2021,52757,MON,Mönchengladbach,Mönchengladbach,Germany,Alemania,16,9.0,4.0,2.0,13.0,2.0,2.0,8
2021,50064,POR,Porto,Porto,Portugal,Portugal,15,11.0,3.0,1.0,13.0,2.0,4.0,10
2021,52682,MUN,Man Utd,Man Utd,England,Inglaterra,15,11.0,2.0,1.0,13.0,1.0,4.0,6
2021,7889,LIV,Liverpool,Liverpool,England,Inglaterra,15,6.0,8.0,0.0,14.0,0.0,1.0,10
2021,52973,LAZ,Lazio,Lazio,Italy,Italia,13,7.0,4.0,0.0,9.0,3.0,3.0,8
2021,52714,SEV,Sevilla,Sevilla,Spain,España,13,5.0,5.0,3.0,11.0,2.0,1.0,8
2021,52816,ATA,Atalanta,Atalanta,Italy,Italia,11,6.0,3.0,2.0,9.0,2.0,0.0,8
2021,2603790,RBL,Leipzig,Leipzig,Germany,Alemania,11,5.0,5.0,0.0,9.0,2.0,1.0,8
2021,50030,SAL,Salzburg,Salzburg,Austria,Austria,10,6.0,3.0,0.0,6.0,3.0,0.0,6
2021,50043,BRU,Club Brugge,Club Brugge,Belgium,Bélgica,8,6.0,1.0,1.0,8.0,0.0,2.0,6
2021,50138,INT,Inter,Inter,Italy,Italia,7,4.0,2.0,0.0,7.0,0.0,0.0,6
2021,50124,ATM,Atleti,Atleti,Spain,España,7,4.0,1.0,1.0,6.0,1.0,0.0,8
2021,50143,AJX,Ajax,Ajax,Netherlands,Holanda,7,3.0,4.0,0.0,5.0,2.0,1.0,6
2021,2600288,IST,Başakşehir,Başakşehir,Türkiye,Turquía,7,2.0,4.0,0.0,2.0,5.0,0.0,6
2021,2601038,KRA,Krasnodar,Krasnodar,Russia,Rusia,6,4.0,2.0,0.0,4.0,2.0,1.0,6
2021,52298,FER,Ferencváros,Ferencváros,Hungary,Hungría,5,5.0,0.0,0.0,5.0,0.0,1.0,6
2021,52707,SHK,Shakhtar,Shakhtar,Ukraine,Ucrania,5,2.0,2.0,0.0,4.0,0.0,0.0,6
2021,53065,LMO,Lokomotiv Moskva,Lokomotiv Moskva,Russia,Rusia,5,2.0,1.0,2.0,5.0,0.0,2.0,6
2021,75795,MID,Midtjylland,Midtjylland,Denmark,Dinamarca,4,3.0,1.0,0.0,4.0,0.0,2.0,6
2021,52826,ZEN,Zenit,Zenit,Russia,Rusia,4,2.0,1.0,0.0,3.0,0.0,0.0,6
2021,52723,DKY,Dynamo Kyiv,Dynamo Kyiv,Ukraine,Ucrania,4,0.0,3.0,1.0,4.0,0.0,1.0,6
2021,55031,REN,Rennes,Rennes,France,Francia,3,1.0,1.0,1.0,3.0,0.0,2.0,6
2021,52748,MAR,Marseille,Marseille,France,Francia,2,2.0,0.0,0.0,2.0,0.0,2.0,6
2021,2610,OLY,Olympiacos,Olympiacos,Greece,Grecia,2,0.0,1.0,1.0,1.0,1.0,0.0,6
2022,50037,BAY,Bayern München,Bayern München,Germany,Alemania,31,13.0,12.0,3.0,26.0,4.0,3.0,10
2022,7889,LIV,Liverpool,Liverpool,England,Inglaterra,30,9.0,13.0,6.0,23.0,5.0,1.0,13
2022,50051,RMA,Real Madrid,Real Madrid,Spain,España,29,17.0,7.0,4.0,22.0,6.0,3.0,13
2022,52919,MCI,Man City,Man City,England,Inglaterra,29,14.0,9.0,5.0,26.0,2.0,2.0,12
2022,50143,AJX,Ajax,Ajax,Netherlands,Holanda,22,5.0,12.0,3.0,20.0,1.0,1.0,8
2022,52914,CHE,Chelsea,Chelsea,England,Inglaterra,21,13.0,4.0,4.0,21.0,0.0,2.0,10
2022,70691,VIL,Villarreal,Villarreal,Spain,España,20,8.0,9.0,3.0,20.0,0.0,2.0,12
2022,2603790,RBL,Leipzig,Leipzig,Germany,Alemania,15,9.0,2.0,4.0,14.0,1.0,2.0,6
2022,52747,PSG,Paris,Paris,France,Francia,15,7.0,7.0,1.0,13.0,2.0,2.0,8
2022,50147,BEN,Benfica,Benfica,Portugal,Portugal,14,8.0,2.0,3.0,13.0,0.0,1.0,10
2022,50149,SPO,Sporting CP,Sporting CP,Portugal,Portugal,14,5.0,6.0,2.0,11.0,3.0,2.0,8
2022,52682,MUN,Man Utd,Man Utd,England,Inglaterra,12,9.0,2.0,1.0,9.0,3.0,0.0,8
2022,52816,ATA,Atalanta,Atalanta,Italy,Italia,12,4.0,7.0,1.0,10.0,2.0,0.0,6
2022,50139,JUV,Juventus,Juventus,Italy,Italia,11,2.0,6.0,3.0,11.0,0.0,2.0,8
2022,52758,BVB,B. Dortmund,B. Dortmund,Germany,Alemania,10,5.0,3.0,2.0,10.0,0.0,2.0,6
2022,52826,ZEN,Zenit,Zenit,Russia,Rusia,10,5.0,2.0,2.0,7.0,2.0,1.0,6
2022,50030,SAL,Salzburg,Salzburg,Austria,Austria,10,4.0,6.0,0.0,9.0,1.0,3.0,8
2022,50138,INT,Inter,Inter,Italy,Italia,9,6.0,2.0,1.0,8.0,1.0,0.0,8
2022,50124,ATM,Atleti,Atleti,Spain,España,9,3.0,4.0,2.0,9.0,0.0,1.0,10
2022,75797,LIL,Lille,Lille,France,Francia,8,5.0,3.0,0.0,7.0,1.0,2.0,8
2022,50031,YB,Young Boys,Young Boys,Switzerland,Suiza,7,4.0,2.0,1.0,5.0,2.0,0.0,6
2022,69606,SHE,Sheriff,Sheriff,Moldova,Moldavia,7,1.0,2.0,3.0,5.0,2.0,0.0,6
2022,50043,BRU,Club Brugge,Club Brugge,Belgium,Bélgica,6,4.0,1.0,0.0,5.0,0.0,0.0,6
2022,50058,MIL,Milan,Milan,Italy,Italia,6,3.0,1.0,1.0,5.0,0.0,0.0,6
2022,52714,SEV,Sevilla,Sevilla,Spain,España,5,4.0,0.0,1.0,5.0,0.0,2.0,6
2022,64332,WOB,Wolfsburg,Wolfsburg,Germany,Alemania,5,2.0,2.0,1.0,5.0,0.0,0.0,6
2022,50064,POR,Porto,Porto,Portugal,Portugal,4,3.0,0.0,1.0,4.0,0.0,1.0,6
2022,50157,BES,Beşiktaş,Beşiktaş,Türkiye,Turquía,3,0.0,1.0,2.0,3.0,0.0,1.0,6
2022,52707,SHK,Shakhtar,Shakhtar,Ukraine,Ucrania,2,2.0,0.0,0.0,2.0,0.0,0.0,6
2022,50080,BAR,Barcelona,Barcelona,Spain,España,2,2.0,0.0,0.0,2.0,0.0,0.0,6
2022,52723,DKY,Dynamo Kyiv,Dynamo Kyiv,Ukraine,Ucrania,1,1.0,0.0,0.0,1.0,0.0,0.0,6
2022,50152,MAL,Malmö,Malmö,Sweden,Suecia,1,1.0,0.0,0.0,1.0,0.0,0.0,6
2023,52919,MCI,Man City,Man City,England,Inglaterra,32,12.0,15.0,4.0,27.0,4.0,2.0,13
2023,50051,RMA,Real Madrid,Real Madrid,Spain,España,26,14.0,9.0,3.0,22.0,4.0,3.0,12
2023,50147,BEN,Benfica,Benfica,Portugal,Portugal,26,11.0,8.0,5.0,22.0,3.0,5.0,10
2023,50136,NAP,Napoli,Napoli,Italy,Italia,26,10.0,9.0,7.0,25.0,1.0,4.0,10
2023,50037,BAY,Bayern München,Bayern München,Germany,Alemania,22,15.0,4.0,2.0,19.0,2.0,1.0,10
2023,50138,INT,Inter,Inter,Italy,Italia,19,8.0,8.0,2.0,18.0,1.0,1.0,13
2023,7889,LIV,Liverpool,Liverpool,England,Inglaterra,19,5.0,10.0,3.0,17.0,2.0,1.0,8
2023,52747,PSG,Paris,Paris,France,Francia,16,8.0,7.0,0.0,11.0,4.0,1.0,8
2023,50058,MIL,Milan,Milan,Italy,Italia,15,1.0,8.0,5.0,14.0,0.0,2.0,12
2023,2603790,RBL,Leipzig,Leipzig,Germany,Alemania,14,7.0,3.0,2.0,13.0,0.0,0.0,8
2023,50064,POR,Porto,Porto,Portugal,Portugal,12,9.0,2.0,1.0,11.0,1.0,3.0,8
2023,52914,CHE,Chelsea,Chelsea,England,Inglaterra,12,7.0,5.0,0.0,10.0,2.0,2.0,10
2023,50080,BAR,Barcelona,Barcelona,Spain,España,12,4.0,5.0,3.0,11.0,1.0,0.0,6
2023,52758,BVB,B. Dortmund,B. Dortmund,Germany,Alemania,11,4.0,5.0,2.0,11.0,0.0,0.0,8
2023,50143,AJX,Ajax,Ajax,Netherlands,Holanda,11,3.0,6.0,2.0,11.0,0.0,1.0,6
2023,50139,JUV,Juventus,Juventus,Italy,Italia,9,1.0,5.0,3.0,8.0,1.0,0.0,6
2023,52748,MAR,Marseille,Marseille,France,Francia,8,5.0,0.0,3.0,8.0,0.0,1.0,6
2023,50043,BRU,Club Brugge,Club Brugge,Belgium,Bélgica,8,3.0,4.0,1.0,8.0,0.0,1.0,8
2023,52707,SHK,Shakhtar,Shakhtar,Ukraine,Ucrania,8,3.0,4.0,1.0,6.0,2.0,0.0,6
2023,1652,TOT,Tottenham,Tottenham,England,Inglaterra,8,3.0,1.0,4.0,7.0,1.0,1.0,8
2023,50149,SPO,Sporting CP,Sporting CP,Portugal,Portugal,8,2.0,5.0,1.0,7.0,1.0,0.0,6
2023,50072,FRA,Frankfurt,Frankfurt,Germany,Alemania,7,5.0,1.0,1.0,7.0,0.0,1.0,8
2023,59045,MHA,Maccabi Haifa,Maccabi Haifa,Israel,Israel,7,0.0,4.0,2.0,7.0,0.0,1.0,6
2023,52714,SEV,Sevilla,Sevilla,Spain,España,6,2.0,0.0,4.0,6.0,0.0,0.0,6
2023,50030,SAL,Salzburg,Salzburg,Austria,Austria,5,5.0,0.0,0.0,5.0,0.0,1.0,6
2023,64388,PLZ,Viktoria Plzeň,Viktoria Plzeň,Czechia,Chequia,5,2.0,1.0,2.0,5.0,0.0,1.0,6
2023,50124,ATM,Atleti,Atleti,Spain,España,5,2.0,1.0,1.0,2.0,2.0,0.0,6
2023,50109,LEV,Leverkusen,Leverkusen,Germany,Alemania,4,2.0,2.0,0.0,4.0,0.0,0.0,6
2023,50164,DIN,GNK Dinamo,GNK Dinamo,Croatia,Croacia,4,2.0,1.0,1.0,3.0,1.0,0.0,6
2023,50050,CEL,Celtic,Celtic,Scotland,Escocia,4,1.0,2.0,0.0,2.0,1.0,0.0,6
2023,50121,RAN,Rangers,Rangers,Scotland,Escocia,2,2.0,0.0,0.0,1.0,1.0,1.0,6
2023,52709,CPH,Copenhagen,Copenhagen,Denmark,Dinamarca,1,1.0,0.0,0.0,1.0,0.0,0.0,6
2024,50051,RMA,Real Madrid,Real Madrid,Spain,España,28,18.0,4.0,4.0,25.0,1.0,1.0,13
2024,52919,MCI,Man City,Man City,England,Inglaterra,28,16.0,12.0,0.0,22.0,6.0,3.0,10
2024,50124,ATM,Atleti,Atleti,Spain,España,23,10.0,9.0,1.0,17.0,3.0,0.0,10
2024,50037,BAY,Bayern München,Bayern München,Germany,Alemania,21,12.0,5.0,4.0,20.0,1.0,3.0,12
2024,50080,BAR,Barcelona,Barcelona,Spain,España,20,10.0,5.0,3.0,18.0,1.0,0.0,10
2024,52747,PSG,Paris,Paris,France,Francia,19,13.0,4.0,2.0,18.0,1.0,3.0,12
2024,52280,ARS,Arsenal,Arsenal,England,Inglaterra,19,12.0,6.0,0.0,16.0,3.0,1.0,10
2024,52758,BVB,B. Dortmund,B. Dortmund,Germany,Alemania,17,8.0,7.0,2.0,15.0,2.0,1.0,13
2024,50064,POR,Porto,Porto,Portugal,Portugal,16,12.0,2.0,1.0,14.0,2.0,1.0,8
2024,2603790,RBL,Leipzig,Leipzig,Germany,Alemania,14,7.0,5.0,2.0,12.0,2.0,0.0,8
2024,50136,NAP,Napoli,Napoli,Italy,Italia,12,4.0,4.0,1.0,10.0,0.0,1.0,8
2024,52682,MUN,Man Utd,Man Utd,England,Inglaterra,12,3.0,6.0,3.0,11.0,1.0,1.0,6
2024,52709,CPH,Copenhagen,Copenhagen,Denmark,Dinamarca,10,7.0,3.0,0.0,9.0,1.0,1.0,8
2024,50067,GAL,Galatasaray,Galatasaray,Türkiye,Turquía,10,7.0,3.0,0.0,8.0,2.0,1.0,6
2024,50138,INT,Inter,Inter,Italy,Italia,10,6.0,4.0,0.0,10.0,0.0,3.0,8
2024,52707,SHK,Shakhtar,Shakhtar,Ukraine,Ucrania,10,4.0,1.0,4.0,8.0,1.0,0.0,6
2024,50062,PSV,PSV,PSV,Netherlands,Holanda,9,4.0,2.0,2.0,7.0,1.0,2.0,8
2024,52749,FEY,Feyenoord,Feyenoord,Netherlands,Holanda,9,2.0,5.0,1.0,7.0,1.0,0.0,6
2024,52973,LAZ,Lazio,Lazio,Italy,Italia,8,3.0,2.0,3.0,8.0,0.0,2.0,8
2024,50123,RSO,Real Sociedad,Real Sociedad,Spain,España,8,1.0,6.0,1.0,7.0,1.0,0.0,8
2024,50031,YB,Young Boys,Young Boys,Switzerland,Suiza,7,4.0,2.0,0.0,5.0,1.0,1.0,6
2024,50069,ZVE,Crvena Zvezda,Crvena Zvezda,Serbia,Serbia,7,3.0,2.0,1.0,6.0,0.0,0.0,6
2024,50147,BEN,Benfica,Benfica,Portugal,Portugal,7,3.0,2.0,0.0,6.0,1.0,0.0,6
2024,52714,SEV,Sevilla,Sevilla,Spain,España,7,2.0,2.0,3.0,7.0,0.0,1.0,6
2024,52277,LEN,Lens,Lens,France,Francia,6,5.0,1.0,0.0,5.0,1.0,1.0,6
2024,77977,UBE,Union Berlin,Union Berlin,Germany,Alemania,6,4.0,2.0,0.0,4.0,2.0,0.0,6
2024,52336,BRA,Braga,Braga,Portugal,Portugal,6,4.0,1.0,1.0,4.0,2.0,0.0,6
2024,50113,ANT,Antwerp,Antwerp,Belgium,Bélgica,6,3.0,3.0,0.0,5.0,1.0,0.0,6
2024,59324,NEW,Newcastle,Newcastle,England,Inglaterra,6,3.0,2.0,1.0,5.0,1.0,0.0,6
2024,50050,CEL,Celtic,Celtic,Scotland,Escocia,5,3.0,1.0,1.0,5.0,0.0,1.0,6
2024,50058,MIL,Milan,Milan,Italy,Italia,5,2.0,2.0,1.0,5.0,0.0,0.0,6
2024,50030,SAL,Salzburg,Salzburg,Austria,Austria,4,3.0,1.0,0.0,2.0,2.0,1.0,6
2025,50080,BAR,Barcelona,Barcelona,Spain,España,43,15.0,17.0,7.0,33.0,7.0,3.0,14
2025,52747,PSG,Paris,Paris,France,Francia,38,22.0,13.0,2.0,33.0,4.0,1.0,17
2025,52758,BVB,B. Dortmund,B. Dortmund,Germany,Alemania,31,18.0,9.0,3.0,27.0,4.0,7.0,14
2025,50037,BAY,Bayern München,Bayern München,Germany,Alemania,31,12.0,11.0,8.0,30.0,1.0,5.0,14
2025,52280,ARS,Arsenal,Arsenal,England,Inglaterra,31,10.0,14.0,6.0,24.0,6.0,2.0,14
2025,50051,RMA,Real Madrid,Real Madrid,Spain,España,29,18.0,9.0,2.0,26.0,3.0,1.0,14
2025,50138,INT,Inter,Inter,Italy,Italia,26,17.0,5.0,2.0,24.0,1.0,5.0,15
2025,50062,PSV,PSV,PSV,Netherlands,Holanda,23,13.0,7.0,2.0,16.0,6.0,1.0,12
2025,52683,AVL,Aston Villa,Aston Villa,England,Inglaterra,23,12.0,10.0,0.0,16.0,6.0,1.0,12
2025,50124,ATM,Atleti,Atleti,Spain,España,22,14.0,6.0,2.0,20.0,2.0,0.0,10
2025,52816,ATA,Atalanta,Atalanta,Italy,Italia,22,9.0,9.0,3.0,20.0,2.0,1.0,10
2025,50147,BEN,Benfica,Benfica,Portugal,Portugal,21,13.0,2.0,4.0,19.0,1.0,4.0,12
2025,52749,FEY,Feyenoord,Feyenoord,Netherlands,Holanda,21,9.0,6.0,3.0,17.0,2.0,2.0,12
2025,52919,MCI,Man City,Man City,England,Inglaterra,21,8.0,10.0,1.0,17.0,3.0,3.0,10
2025,75797,LIL,Lille,Lille,France,Francia,19,8.0,8.0,1.0,16.0,1.0,2.0,10
2025,7889,LIV,Liverpool,Liverpool,England,Inglaterra,18,7.0,7.0,4.0,16.0,2.0,2.0,10
2025,50023,MON,Monaco,Monaco,France,Francia,16,10.0,4.0,2.0,14.0,2.0,1.0,10
2025,50058,MIL,Milan,Milan,Italy,Italia,15,9.0,4.0,2.0,14.0,1.0,0.0,10
2025,50050,CEL,Celtic,Celtic,Scotland,Escocia,15,7.0,3.0,2.0,13.0,1.0,1.0,10
2025,50109,LEV,Leverkusen,Leverkusen,Germany,Alemania,15,6.0,7.0,1.0,11.0,3.0,1.0,10
2025,50043,BRU,Club Brugge,Club Brugge,Belgium,Bélgica,13,9.0,2.0,0.0,10.0,1.0,2.0,12
2025,50149,SPO,Sporting CP,Sporting CP,Portugal,Portugal,13,8.0,5.0,0.0,12.0,1.0,2.0,10
2025,50069,ZVE,Crvena Zvezda,Crvena Zvezda,Serbia,Serbia,13,7.0,3.0,3.0,10.0,3.0,1.0,8
2025,50107,STU,Stuttgart,Stuttgart,Germany,Alemania,13,7.0,3.0,2.0,10.0,2.0,0.0,8
2025,50139,JUV,Juventus,Juventus,Italy,Italia,12,7.0,4.0,1.0,10.0,2.0,1.0,10
2025,50164,DIN,GNK Dinamo,GNK Dinamo,Croatia,Croacia,12,5.0,6.0,1.0,9.0,3.0,0.0,8
2025,2601306,BRE,Brest,Brest,France,Francia,10,7.0,2.0,0.0,6.0,3.0,0.0,10
2025,52707,SHK,Shakhtar,Shakhtar,Ukraine,Ucrania,8,7.0,1.0,0.0,7.0,1.0,1.0,8
2025,2603790,RBL,Leipzig,Leipzig,Germany,Alemania,8,4.0,2.0,2.0,8.0,0.0,1.0,8
2025,52797,SLB,S. Bratislava,S. Bratislava,Slovakia,Eslovaquia,7,2.0,5.0,0.0,6.0,1.0,1.0,8
2025,50033,SPA,Sparta Praha,Sparta Praha,Czechia,Chequia,7,2.0,4.0,0.0,5.0,1.0,0.0,8
2025,2602798,GIR,Girona,Girona,Spain,España,5,3.0,2.0,0.0,3.0,2.0,0.0,8
2025,50111,SGR,Sturm Graz,Sturm Graz,Austria,Austria,5,2.0,2.0,0.0,4.0,0.0,0.0,8
2025,50030,SAL,Salzburg,Salzburg,Austria,Austria,5,0.0,4.0,1.0,4.0,1.0,0.0,8
2025,52969,BOL,Bologna,Bologna,Italy,Italia,4,2.0,1.0,1.0,4.0,0.0,0.0,8
2025,50031,YB,Young Boys,Young Boys,Switzerland,Suiza,3,1.0,1.0,1.0,1.0,2.0,0.0,8
